dataset,model,model_id,endpoint,CN_BalAcc,animal_id,session_id
Allen VBN,CEBRA,CEBRA_FLAT_LOGREG,CLEAN,0.9710293007895527,506940,1044016459
Allen VBN,CEBRA,CEBRA_FLAT_LOGREG,U30,0.8963532057881481,506940,1044016459
Allen VBN,CEBRA,CEBRA_FLAT_LOGREG,SW-U30,0.8963532057881481,506940,1044016459
Allen VBN,CEBRA,CEBRA_FLAT_LOGREG,T5,0.8817635486101697,506940,1044016459
Allen VBN,CEBRA,CEBRA_FLAT_LOGREG,B5,0.8407482703581687,506940,1044016459
Allen VBN,CEBRA,CEBRA_FLAT_LOGREG,J30-5,0.7931131333665955,506940,1044016459
Allen VBN,CEBRA,CEBRA_FLAT_LOGREG,Five-Missing Mean,0.861666272782246,506940,1044016459
Allen VBN,CEBRA,CEBRA_FLAT_LOGREG,Five-Missing Worst,0.7867057076773991,506940,1044016459
Allen VBN,GRU-D,GRU_LIGHTWEIGHT,CLEAN,0.0,506940,1044016459
Allen VBN,GRU-D,GRU_LIGHTWEIGHT,U30,-0.000449245496507424,506940,1044016459
Allen VBN,GRU-D,GRU_LIGHTWEIGHT,SW-U30,-0.000449245496507424,506940,1044016459
Allen VBN,GRU-D,GRU_LIGHTWEIGHT,T5,-0.002576131022847732,506940,1044016459
Allen VBN,GRU-D,GRU_LIGHTWEIGHT,B5,-0.0025040269611063598,506940,1044016459
Allen VBN,GRU-D,GRU_LIGHTWEIGHT,J30-5,0.00021827257793389184,506940,1044016459
Allen VBN,GRU-D,GRU_LIGHTWEIGHT,Five-Missing Mean,-0.0011520752798070094,506940,1044016459
Allen VBN,GRU-D,GRU_LIGHTWEIGHT,Five-Missing Worst,-0.003816749534781792,506940,1044016459
Allen VBN,MM-RVD,MM_RVD_A9_SELECTED_R6,CLEAN,0.9993131868131868,506940,1044016459
Allen VBN,MM-RVD,MM_RVD_A9_SELECTED_R6,U30,0.999327704108006,506940,1044016459
Allen VBN,MM-RVD,MM_RVD_A9_SELECTED_R6,SW-U30,0.999327704108006,506940,1044016459
Allen VBN,MM-RVD,MM_RVD_A9_SELECTED_R6,T5,0.99689824647233,506940,1044016459
Allen VBN,MM-RVD,MM_RVD_A9_SELECTED_R6,B5,0.9988801379358148,506940,1044016459
Allen VBN,MM-RVD,MM_RVD_A9_SELECTED_R6,J30-5,0.9991670690442666,506940,1044016459
Allen VBN,MM-RVD,MM_RVD_A9_SELECTED_R6,Five-Missing Mean,0.9987201723336845,506940,1044016459
Allen VBN,MM-RVD,MM_RVD_A9_SELECTED_R6,Five-Missing Worst,0.99689824647233,506940,1044016459
Allen VBN,SVD,SVD64_LOGREG,CLEAN,0.7008062288346539,506940,1044016459
Allen VBN,SVD,SVD64_LOGREG,U30,0.6861975196206103,506940,1044016459
Allen VBN,SVD,SVD64_LOGREG,SW-U30,0.6861975196206103,506940,1044016459
Allen VBN,SVD,SVD64_LOGREG,T5,0.6476655324808935,506940,1044016459
Allen VBN,SVD,SVD64_LOGREG,B5,0.5639044035218364,506940,1044016459
Allen VBN,SVD,SVD64_LOGREG,J30-5,0.6755851030729424,506940,1044016459
Allen VBN,SVD,SVD64_LOGREG,Five-Missing Mean,0.6519100156633786,506940,1044016459
Allen VBN,SVD,SVD64_LOGREG,Five-Missing Worst,0.5639044035218364,506940,1044016459
Allen VBN,SVM,MEAN_RATE_LINEAR_SVM,CLEAN,0.9769891811669158,506940,1044016459
Allen VBN,SVM,MEAN_RATE_LINEAR_SVM,U30,0.9633644648735115,506940,1044016459
Allen VBN,SVM,MEAN_RATE_LINEAR_SVM,SW-U30,0.9633644648735115,506940,1044016459
Allen VBN,SVM,MEAN_RATE_LINEAR_SVM,T5,0.9455704141425222,506940,1044016459
Allen VBN,SVM,MEAN_RATE_LINEAR_SVM,B5,0.9413904788697864,506940,1044016459
Allen VBN,SVM,MEAN_RATE_LINEAR_SVM,J30-5,0.9445809503022173,506940,1044016459
Allen VBN,SVM,MEAN_RATE_LINEAR_SVM,Five-Missing Mean,0.9516541546123098,506940,1044016459
Allen VBN,SVM,MEAN_RATE_LINEAR_SVM,Five-Missing Worst,0.9413904788697864,506940,1044016459
Allen VBN,TCN,TCN_LIGHTWEIGHT,CLEAN,0.6078095118073275,506940,1044016459
Allen VBN,TCN,TCN_LIGHTWEIGHT,U30,0.4047642484575478,506940,1044016459
Allen VBN,TCN,TCN_LIGHTWEIGHT,SW-U30,0.4047642484575478,506940,1044016459
Allen VBN,TCN,TCN_LIGHTWEIGHT,T5,0.46329857980857303,506940,1044016459
Allen VBN,TCN,TCN_LIGHTWEIGHT,B5,0.3474662559750499,506940,1044016459
Allen VBN,TCN,TCN_LIGHTWEIGHT,J30-5,0.3372440975082509,506940,1044016459
Allen VBN,TCN,TCN_LIGHTWEIGHT,Five-Missing Mean,0.39150748604139396,506940,1044016459
Allen VBN,TCN,TCN_LIGHTWEIGHT,Five-Missing Worst,0.3177662237964733,506940,1044016459
Allen VBN,Transformer,TINY_TRANSFORMER_LIGHTWEIGHT_POSITION_AWARE,CLEAN,0.9851822590444131,506940,1044016459
Allen VBN,Transformer,TINY_TRANSFORMER_LIGHTWEIGHT_POSITION_AWARE,U30,0.9602857425315736,506940,1044016459
Allen VBN,Transformer,TINY_TRANSFORMER_LIGHTWEIGHT_POSITION_AWARE,SW-U30,0.9602857425315736,506940,1044016459
Allen VBN,Transformer,TINY_TRANSFORMER_LIGHTWEIGHT_POSITION_AWARE,T5,0.8658120350949421,506940,1044016459
Allen VBN,Transformer,TINY_TRANSFORMER_LIGHTWEIGHT_POSITION_AWARE,B5,0.8851592764494495,506940,1044016459
Allen VBN,Transformer,TINY_TRANSFORMER_LIGHTWEIGHT_POSITION_AWARE,J30-5,0.950749739776487,506940,1044016459
Allen VBN,Transformer,TINY_TRANSFORMER_LIGHTWEIGHT_POSITION_AWARE,Five-Missing Mean,0.9244585072768052,506940,1044016459
Allen VBN,Transformer,TINY_TRANSFORMER_LIGHTWEIGHT_POSITION_AWARE,Five-Missing Worst,0.854159879962906,506940,1044016459
Allen VBN,CEBRA,CEBRA_FLAT_LOGREG,CLEAN,0.9952417135393924,524761,1044385384
Allen VBN,CEBRA,CEBRA_FLAT_LOGREG,U30,0.9853011279731525,524761,1044385384
Allen VBN,CEBRA,CEBRA_FLAT_LOGREG,SW-U30,0.9853011279731525,524761,1044385384
Allen VBN,CEBRA,CEBRA_FLAT_LOGREG,T5,0.9823430064452424,524761,1044385384
Allen VBN,CEBRA,CEBRA_FLAT_LOGREG,B5,0.9666907240791958,524761,1044385384
Allen VBN,CEBRA,CEBRA_FLAT_LOGREG,J30-5,0.9702345874981155,524761,1044385384
Allen VBN,CEBRA,CEBRA_FLAT_LOGREG,Five-Missing Mean,0.9779741147937717,524761,1044385384
Allen VBN,CEBRA,CEBRA_FLAT_LOGREG,Five-Missing Worst,0.9653044719638639,524761,1044385384
Allen VBN,GRU-D,GRU_LIGHTWEIGHT,CLEAN,0.00055537955788726,524761,1044385384
Allen VBN,GRU-D,GRU_LIGHTWEIGHT,U30,0.001002136622562916,524761,1044385384
Allen VBN,GRU-D,GRU_LIGHTWEIGHT,SW-U30,0.001002136622562916,524761,1044385384
Allen VBN,GRU-D,GRU_LIGHTWEIGHT,T5,0.000856294945595284,524761,1044385384
Allen VBN,GRU-D,GRU_LIGHTWEIGHT,B5,0.00089747328891614,524761,1044385384
Allen VBN,GRU-D,GRU_LIGHTWEIGHT,J30-5,0.000694402749249844,524761,1044385384
Allen VBN,GRU-D,GRU_LIGHTWEIGHT,Five-Missing Mean,0.00089048884577742,524761,1044385384
Allen VBN,GRU-D,GRU_LIGHTWEIGHT,Five-Missing Worst,-0.0016996414087027598,524761,1044385384
Allen VBN,MM-RVD,MM_RVD_A9_SELECTED_R6,CLEAN,0.9981590736872218,524761,1044385384
Allen VBN,MM-RVD,MM_RVD_A9_SELECTED_R6,U30,0.9986649695087904,524761,1044385384
Allen VBN,MM-RVD,MM_RVD_A9_SELECTED_R6,SW-U30,0.9986649695087904,524761,1044385384
Allen VBN,MM-RVD,MM_RVD_A9_SELECTED_R6,T5,0.9979984955910443,524761,1044385384
Allen VBN,MM-RVD,MM_RVD_A9_SELECTED_R6,B5,0.9969432101905028,524761,1044385384
Allen VBN,MM-RVD,MM_RVD_A9_SELECTED_R6,J30-5,0.9980559434425373,524761,1044385384
Allen VBN,MM-RVD,MM_RVD_A9_SELECTED_R6,Five-Missing Mean,0.998065517648333,524761,1044385384
Allen VBN,MM-RVD,MM_RVD_A9_SELECTED_R6,Five-Missing Worst,0.9969432101905028,524761,1044385384
Allen VBN,SVD,SVD64_LOGREG,CLEAN,0.9029734704092803,524761,1044385384
Allen VBN,SVD,SVD64_LOGREG,U30,0.884762427222475,524761,1044385384
Allen VBN,SVD,SVD64_LOGREG,SW-U30,0.884762427222475,524761,1044385384
Allen VBN,SVD,SVD64_LOGREG,T5,0.8651081673948138,524761,1044385384
Allen VBN,SVD,SVD64_LOGREG,B5,0.7823074356300982,524761,1044385384
Allen VBN,SVD,SVD64_LOGREG,J30-5,0.8865776548301785,524761,1044385384
Allen VBN,SVD,SVD64_LOGREG,Five-Missing Mean,0.860703622460008,524761,1044385384
Allen VBN,SVD,SVD64_LOGREG,Five-Missing Worst,0.7823074356300982,524761,1044385384
Allen VBN,SVM,MEAN_RATE_LINEAR_SVM,CLEAN,0.9867595721651081,524761,1044385384
Allen VBN,SVM,MEAN_RATE_LINEAR_SVM,U30,0.9766513879152667,524761,1044385384
Allen VBN,SVM,MEAN_RATE_LINEAR_SVM,SW-U30,0.9766513879152667,524761,1044385384
Allen VBN,SVM,MEAN_RATE_LINEAR_SVM,T5,0.976367122289177,524761,1044385384
Allen VBN,SVM,MEAN_RATE_LINEAR_SVM,B5,0.9485982789916112,524761,1044385384
Allen VBN,SVM,MEAN_RATE_LINEAR_SVM,J30-5,0.973610435813191,524761,1044385384
Allen VBN,SVM,MEAN_RATE_LINEAR_SVM,Five-Missing Mean,0.9703757225849026,524761,1044385384
Allen VBN,SVM,MEAN_RATE_LINEAR_SVM,Five-Missing Worst,0.9485982789916112,524761,1044385384
Allen VBN,TCN,TCN_LIGHTWEIGHT,CLEAN,0.8593156162130521,524761,1044385384
Allen VBN,TCN,TCN_LIGHTWEIGHT,U30,0.6353231447157903,524761,1044385384
Allen VBN,TCN,TCN_LIGHTWEIGHT,SW-U30,0.6353231447157903,524761,1044385384
Allen VBN,TCN,TCN_LIGHTWEIGHT,T5,0.7497291854077508,524761,1044385384
Allen VBN,TCN,TCN_LIGHTWEIGHT,B5,0.5690890567663697,524761,1044385384
Allen VBN,TCN,TCN_LIGHTWEIGHT,J30-5,0.5494798821854074,524761,1044385384
Allen VBN,TCN,TCN_LIGHTWEIGHT,Five-Missing Mean,0.6277888827582216,524761,1044385384
Allen VBN,TCN,TCN_LIGHTWEIGHT,Five-Missing Worst,0.5159763644762194,524761,1044385384
Allen VBN,Transformer,TINY_TRANSFORMER_LIGHTWEIGHT_POSITION_AWARE,CLEAN,0.9927744183890654,524761,1044385384
Allen VBN,Transformer,TINY_TRANSFORMER_LIGHTWEIGHT_POSITION_AWARE,U30,0.982876592359941,524761,1044385384
Allen VBN,Transformer,TINY_TRANSFORMER_LIGHTWEIGHT_POSITION_AWARE,SW-U30,0.982876592359941,524761,1044385384
Allen VBN,Transformer,TINY_TRANSFORMER_LIGHTWEIGHT_POSITION_AWARE,T5,0.9418241000484961,524761,1044385384
Allen VBN,Transformer,TINY_TRANSFORMER_LIGHTWEIGHT_POSITION_AWARE,B5,0.9386445070932421,524761,1044385384
Allen VBN,Transformer,TINY_TRANSFORMER_LIGHTWEIGHT_POSITION_AWARE,J30-5,0.9776081074629989,524761,1044385384
Allen VBN,Transformer,TINY_TRANSFORMER_LIGHTWEIGHT_POSITION_AWARE,Five-Missing Mean,0.9647659798649239,524761,1044385384
Allen VBN,Transformer,TINY_TRANSFORMER_LIGHTWEIGHT_POSITION_AWARE,Five-Missing Worst,0.9348223953580878,524761,1044385384
Allen VBN,CEBRA,CEBRA_FLAT_LOGREG,CLEAN,0.998673677539417,510589,1044389060
Allen VBN,CEBRA,CEBRA_FLAT_LOGREG,U30,0.9939765935191153,510589,1044389060
Allen VBN,CEBRA,CEBRA_FLAT_LOGREG,SW-U30,0.9939765935191153,510589,1044389060
Allen VBN,CEBRA,CEBRA_FLAT_LOGREG,T5,0.9978431120872437,510589,1044389060
Allen VBN,CEBRA,CEBRA_FLAT_LOGREG,B5,0.9900470949946681,510589,1044389060
Allen VBN,CEBRA,CEBRA_FLAT_LOGREG,J30-5,0.9792617784036224,510589,1044389060
Allen VBN,CEBRA,CEBRA_FLAT_LOGREG,Five-Missing Mean,0.991021034504753,510589,1044389060
Allen VBN,CEBRA,CEBRA_FLAT_LOGREG,Five-Missing Worst,0.9792617784036224,510589,1044389060
Allen VBN,GRU-D,GRU_LIGHTWEIGHT,CLEAN,0.3424892291466952,510589,1044389060
Allen VBN,GRU-D,GRU_LIGHTWEIGHT,U30,0.017900702652158058,510589,1044389060
Allen VBN,GRU-D,GRU_LIGHTWEIGHT,SW-U30,0.017900702652158058,510589,1044389060
Allen VBN,GRU-D,GRU_LIGHTWEIGHT,T5,0.08733321131717217,510589,1044389060
Allen VBN,GRU-D,GRU_LIGHTWEIGHT,B5,0.026416037155171723,510589,1044389060
Allen VBN,GRU-D,GRU_LIGHTWEIGHT,J30-5,0.0070675640074739,510589,1044389060
Allen VBN,GRU-D,GRU_LIGHTWEIGHT,Five-Missing Mean,0.031323643556826784,510589,1044389060
Allen VBN,GRU-D,GRU_LIGHTWEIGHT,Five-Missing Worst,0.00274611779898846,510589,1044389060
Allen VBN,MM-RVD,MM_RVD_A9_SELECTED_R6,CLEAN,0.999370673379484,510589,1044389060
Allen VBN,MM-RVD,MM_RVD_A9_SELECTED_R6,U30,0.9991466844761818,510589,1044389060
Allen VBN,MM-RVD,MM_RVD_A9_SELECTED_R6,SW-U30,0.9991466844761818,510589,1044389060
Allen VBN,MM-RVD,MM_RVD_A9_SELECTED_R6,T5,0.9992540553036824,510589,1044389060
Allen VBN,MM-RVD,MM_RVD_A9_SELECTED_R6,B5,0.9975833746090441,510589,1044389060
Allen VBN,MM-RVD,MM_RVD_A9_SELECTED_R6,J30-5,0.998898237271213,510589,1044389060
Allen VBN,MM-RVD,MM_RVD_A9_SELECTED_R6,Five-Missing Mean,0.9988058072272606,510589,1044389060
Allen VBN,MM-RVD,MM_RVD_A9_SELECTED_R6,Five-Missing Worst,0.9975833746090441,510589,1044389060
Allen VBN,SVD,SVD64_LOGREG,CLEAN,0.9434368910921946,510589,1044389060
Allen VBN,SVD,SVD64_LOGREG,U30,0.9358143984546062,510589,1044389060
Allen VBN,SVD,SVD64_LOGREG,SW-U30,0.9358143984546062,510589,1044389060
Allen VBN,SVD,SVD64_LOGREG,T5,0.948152748529583,510589,1044389060
Allen VBN,SVD,SVD64_LOGREG,B5,0.8931210228881743,510589,1044389060
Allen VBN,SVD,SVD64_LOGREG,J30-5,0.9236223430322084,510589,1044389060
Allen VBN,SVD,SVD64_LOGREG,Five-Missing Mean,0.9273049822718356,510589,1044389060
Allen VBN,SVD,SVD64_LOGREG,Five-Missing Worst,0.8931210228881743,510589,1044389060
Allen VBN,SVM,MEAN_RATE_LINEAR_SVM,CLEAN,0.9844459416836194,510589,1044389060
Allen VBN,SVM,MEAN_RATE_LINEAR_SVM,U30,0.9783507970580574,510589,1044389060
Allen VBN,SVM,MEAN_RATE_LINEAR_SVM,SW-U30,0.9783507970580574,510589,1044389060
Allen VBN,SVM,MEAN_RATE_LINEAR_SVM,T5,0.9866867212585616,510589,1044389060
Allen VBN,SVM,MEAN_RATE_LINEAR_SVM,B5,0.9614052183700863,510589,1044389060
Allen VBN,SVM,MEAN_RATE_LINEAR_SVM,J30-5,0.9728171847817326,510589,1044389060
Allen VBN,SVM,MEAN_RATE_LINEAR_SVM,Five-Missing Mean,0.9755221437052992,510589,1044389060
Allen VBN,SVM,MEAN_RATE_LINEAR_SVM,Five-Missing Worst,0.9614052183700863,510589,1044389060
Allen VBN,TCN,TCN_LIGHTWEIGHT,CLEAN,0.7967042138943612,510589,1044389060
Allen VBN,TCN,TCN_LIGHTWEIGHT,U30,0.49864125132062737,510589,1044389060
Allen VBN,TCN,TCN_LIGHTWEIGHT,SW-U30,0.49864125132062737,510589,1044389060
Allen VBN,TCN,TCN_LIGHTWEIGHT,T5,0.7393216465350794,510589,1044389060
Allen VBN,TCN,TCN_LIGHTWEIGHT,B5,0.4550691182828926,510589,1044389060
Allen VBN,TCN,TCN_LIGHTWEIGHT,J30-5,0.41270263937075924,510589,1044389060
Allen VBN,TCN,TCN_LIGHTWEIGHT,Five-Missing Mean,0.5208751813659973,510589,1044389060
Allen VBN,TCN,TCN_LIGHTWEIGHT,Five-Missing Worst,0.38405752384474623,510589,1044389060
Allen VBN,Transformer,TINY_TRANSFORMER_LIGHTWEIGHT_POSITION_AWARE,CLEAN,0.9988071206189808,510589,1044389060
Allen VBN,Transformer,TINY_TRANSFORMER_LIGHTWEIGHT_POSITION_AWARE,U30,0.9916816772464745,510589,1044389060
Allen VBN,Transformer,TINY_TRANSFORMER_LIGHTWEIGHT_POSITION_AWARE,SW-U30,0.9916816772464745,510589,1044389060
Allen VBN,Transformer,TINY_TRANSFORMER_LIGHTWEIGHT_POSITION_AWARE,T5,0.9978323178616106,510589,1044389060
Allen VBN,Transformer,TINY_TRANSFORMER_LIGHTWEIGHT_POSITION_AWARE,B5,0.9475333575465813,510589,1044389060
Allen VBN,Transformer,TINY_TRANSFORMER_LIGHTWEIGHT_POSITION_AWARE,J30-5,0.9446541616904011,510589,1044389060
Allen VBN,Transformer,TINY_TRANSFORMER_LIGHTWEIGHT_POSITION_AWARE,Five-Missing Mean,0.9746766383183084,510589,1044389060
Allen VBN,Transformer,TINY_TRANSFORMER_LIGHTWEIGHT_POSITION_AWARE,Five-Missing Worst,0.9351813736479517,510589,1044389060
Allen VBN,CEBRA,CEBRA_FLAT_LOGREG,CLEAN,0.9838908060819866,524761,1044594870
Allen VBN,CEBRA,CEBRA_FLAT_LOGREG,U30,0.9711076028453182,524761,1044594870
Allen VBN,CEBRA,CEBRA_FLAT_LOGREG,SW-U30,0.9711076028453182,524761,1044594870
Allen VBN,CEBRA,CEBRA_FLAT_LOGREG,T5,0.9776829892134813,524761,1044594870
Allen VBN,CEBRA,CEBRA_FLAT_LOGREG,B5,0.9729169227124632,524761,1044594870
Allen VBN,CEBRA,CEBRA_FLAT_LOGREG,J30-5,0.8647348446367911,524761,1044594870
Allen VBN,CEBRA,CEBRA_FLAT_LOGREG,Five-Missing Mean,0.9515099924506742,524761,1044594870
Allen VBN,CEBRA,CEBRA_FLAT_LOGREG,Five-Missing Worst,0.8647348446367911,524761,1044594870
Allen VBN,GRU-D,GRU_LIGHTWEIGHT,CLEAN,0.03871695338002614,524761,1044594870
Allen VBN,GRU-D,GRU_LIGHTWEIGHT,U30,-0.00013121507130538,524761,1044594870
Allen VBN,GRU-D,GRU_LIGHTWEIGHT,SW-U30,-0.00013121507130538,524761,1044594870
Allen VBN,GRU-D,GRU_LIGHTWEIGHT,T5,0.027410231800246636,524761,1044594870
Allen VBN,GRU-D,GRU_LIGHTWEIGHT,B5,0.0009806333678415017,524761,1044594870
Allen VBN,GRU-D,GRU_LIGHTWEIGHT,J30-5,0.00024205342123853998,524761,1044594870
Allen VBN,GRU-D,GRU_LIGHTWEIGHT,Five-Missing Mean,0.0056740976893431844,524761,1044594870
Allen VBN,GRU-D,GRU_LIGHTWEIGHT,Five-Missing Worst,-0.00200989136635516,524761,1044594870
Allen VBN,MM-RVD,MM_RVD_A9_SELECTED_R6,CLEAN,0.9899504645951608,524761,1044594870
Allen VBN,MM-RVD,MM_RVD_A9_SELECTED_R6,U30,0.9900609388216498,524761,1044594870
Allen VBN,MM-RVD,MM_RVD_A9_SELECTED_R6,SW-U30,0.9900609388216498,524761,1044594870
Allen VBN,MM-RVD,MM_RVD_A9_SELECTED_R6,T5,0.9884646790735581,524761,1044594870
Allen VBN,MM-RVD,MM_RVD_A9_SELECTED_R6,B5,0.985624166688754,524761,1044594870
Allen VBN,MM-RVD,MM_RVD_A9_SELECTED_R6,J30-5,0.9873052715646142,524761,1044594870
Allen VBN,MM-RVD,MM_RVD_A9_SELECTED_R6,Five-Missing Mean,0.9883031989940452,524761,1044594870
Allen VBN,MM-RVD,MM_RVD_A9_SELECTED_R6,Five-Missing Worst,0.985624166688754,524761,1044594870
Allen VBN,SVD,SVD64_LOGREG,CLEAN,0.8546383470364184,524761,1044594870
Allen VBN,SVD,SVD64_LOGREG,U30,0.8332758298453001,524761,1044594870
Allen VBN,SVD,SVD64_LOGREG,SW-U30,0.8332758298453001,524761,1044594870
Allen VBN,SVD,SVD64_LOGREG,T5,0.8423505803447284,524761,1044594870
Allen VBN,SVD,SVD64_LOGREG,B5,0.7978473602649889,524761,1044594870
Allen VBN,SVD,SVD64_LOGREG,J30-5,0.7567834823274964,524761,1044594870
Allen VBN,SVD,SVD64_LOGREG,Five-Missing Mean,0.8127066165255628,524761,1044594870
Allen VBN,SVD,SVD64_LOGREG,Five-Missing Worst,0.7567834823274964,524761,1044594870
Allen VBN,SVM,MEAN_RATE_LINEAR_SVM,CLEAN,0.9792681655546585,524761,1044594870
Allen VBN,SVM,MEAN_RATE_LINEAR_SVM,U30,0.9699416854702536,524761,1044594870
Allen VBN,SVM,MEAN_RATE_LINEAR_SVM,SW-U30,0.9699416854702536,524761,1044594870
Allen VBN,SVM,MEAN_RATE_LINEAR_SVM,T5,0.973901431445987,524761,1044594870
Allen VBN,SVM,MEAN_RATE_LINEAR_SVM,B5,0.970355338768389,524761,1044594870
Allen VBN,SVM,MEAN_RATE_LINEAR_SVM,J30-5,0.9357768160012201,524761,1044594870
Allen VBN,SVM,MEAN_RATE_LINEAR_SVM,Five-Missing Mean,0.9639833914312206,524761,1044594870
Allen VBN,SVM,MEAN_RATE_LINEAR_SVM,Five-Missing Worst,0.9357768160012201,524761,1044594870
Allen VBN,TCN,TCN_LIGHTWEIGHT,CLEAN,0.8915496976893996,524761,1044594870
Allen VBN,TCN,TCN_LIGHTWEIGHT,U30,0.7124582839845104,524761,1044594870
Allen VBN,TCN,TCN_LIGHTWEIGHT,SW-U30,0.7124582839845104,524761,1044594870
Allen VBN,TCN,TCN_LIGHTWEIGHT,T5,0.8749659642919421,524761,1044594870
Allen VBN,TCN,TCN_LIGHTWEIGHT,B5,0.8002147873253282,524761,1044594870
Allen VBN,TCN,TCN_LIGHTWEIGHT,J30-5,0.5550006434586504,524761,1044594870
Allen VBN,TCN,TCN_LIGHTWEIGHT,Five-Missing Mean,0.7310195926089882,524761,1044594870
Allen VBN,TCN,TCN_LIGHTWEIGHT,Five-Missing Worst,0.5550006434586504,524761,1044594870
Allen VBN,Transformer,TINY_TRANSFORMER_LIGHTWEIGHT_POSITION_AWARE,CLEAN,0.9828243224927953,524761,1044594870
Allen VBN,Transformer,TINY_TRANSFORMER_LIGHTWEIGHT_POSITION_AWARE,U30,0.9709693818296243,524761,1044594870
Allen VBN,Transformer,TINY_TRANSFORMER_LIGHTWEIGHT_POSITION_AWARE,SW-U30,0.9709693818296243,524761,1044594870
Allen VBN,Transformer,TINY_TRANSFORMER_LIGHTWEIGHT_POSITION_AWARE,T5,0.9823766881932263,524761,1044594870
Allen VBN,Transformer,TINY_TRANSFORMER_LIGHTWEIGHT_POSITION_AWARE,B5,0.9775520733362792,524761,1044594870
Allen VBN,Transformer,TINY_TRANSFORMER_LIGHTWEIGHT_POSITION_AWARE,J30-5,0.8517277673778094,524761,1044594870
Allen VBN,Transformer,TINY_TRANSFORMER_LIGHTWEIGHT_POSITION_AWARE,Five-Missing Mean,0.9507190585133127,524761,1044594870
Allen VBN,Transformer,TINY_TRANSFORMER_LIGHTWEIGHT_POSITION_AWARE,Five-Missing Worst,0.8517277673778094,524761,1044594870
Allen VBN,CEBRA,CEBRA_FLAT_LOGREG,CLEAN,0.9967980421255473,521466,1049514117
Allen VBN,CEBRA,CEBRA_FLAT_LOGREG,U30,0.9862298430880889,521466,1049514117
Allen VBN,CEBRA,CEBRA_FLAT_LOGREG,SW-U30,0.9862298430880889,521466,1049514117
Allen VBN,CEBRA,CEBRA_FLAT_LOGREG,T5,0.9861849721217334,521466,1049514117
Allen VBN,CEBRA,CEBRA_FLAT_LOGREG,B5,0.9807877286239094,521466,1049514117
Allen VBN,CEBRA,CEBRA_FLAT_LOGREG,J30-5,0.9228539326243679,521466,1049514117
Allen VBN,CEBRA,CEBRA_FLAT_LOGREG,Five-Missing Mean,0.9724572639092376,521466,1049514117
Allen VBN,CEBRA,CEBRA_FLAT_LOGREG,Five-Missing Worst,0.9228539326243679,521466,1049514117
Allen VBN,GRU-D,GRU_LIGHTWEIGHT,CLEAN,0.1534641910598151,521466,1049514117
Allen VBN,GRU-D,GRU_LIGHTWEIGHT,U30,0.007678972282884884,521466,1049514117
Allen VBN,GRU-D,GRU_LIGHTWEIGHT,SW-U30,0.007678972282884884,521466,1049514117
Allen VBN,GRU-D,GRU_LIGHTWEIGHT,T5,0.04047461691951417,521466,1049514117
Allen VBN,GRU-D,GRU_LIGHTWEIGHT,B5,-0.00015659347804353982,521466,1049514117
Allen VBN,GRU-D,GRU_LIGHTWEIGHT,J30-5,0.0045945840518359995,521466,1049514117
Allen VBN,GRU-D,GRU_LIGHTWEIGHT,Five-Missing Mean,0.012054110411815281,521466,1049514117
Allen VBN,GRU-D,GRU_LIGHTWEIGHT,Five-Missing Worst,-0.002992108499169644,521466,1049514117
Allen VBN,MM-RVD,MM_RVD_A9_SELECTED_R6,CLEAN,1.0,521466,1049514117
Allen VBN,MM-RVD,MM_RVD_A9_SELECTED_R6,U30,0.9994108983799705,521466,1049514117
Allen VBN,MM-RVD,MM_RVD_A9_SELECTED_R6,SW-U30,0.9994108983799705,521466,1049514117
Allen VBN,MM-RVD,MM_RVD_A9_SELECTED_R6,T5,0.9992552883422183,521466,1049514117
Allen VBN,MM-RVD,MM_RVD_A9_SELECTED_R6,B5,0.9970128187361282,521466,1049514117
Allen VBN,MM-RVD,MM_RVD_A9_SELECTED_R6,J30-5,0.9987631845450068,521466,1049514117
Allen VBN,MM-RVD,MM_RVD_A9_SELECTED_R6,Five-Missing Mean,0.998770617676659,521466,1049514117
Allen VBN,MM-RVD,MM_RVD_A9_SELECTED_R6,Five-Missing Worst,0.9970128187361282,521466,1049514117
Allen VBN,SVD,SVD64_LOGREG,CLEAN,0.9293401399862296,521466,1049514117
Allen VBN,SVD,SVD64_LOGREG,U30,0.9142329795307125,521466,1049514117
Allen VBN,SVD,SVD64_LOGREG,SW-U30,0.9142329795307125,521466,1049514117
Allen VBN,SVD,SVD64_LOGREG,T5,0.9113496155819414,521466,1049514117
Allen VBN,SVD,SVD64_LOGREG,B5,0.8801454350871876,521466,1049514117
Allen VBN,SVD,SVD64_LOGREG,J30-5,0.8807539496009953,521466,1049514117
Allen VBN,SVD,SVD64_LOGREG,Five-Missing Mean,0.9001429918663099,521466,1049514117
Allen VBN,SVD,SVD64_LOGREG,Five-Missing Worst,0.8790372384098508,521466,1049514117
Allen VBN,SVM,MEAN_RATE_LINEAR_SVM,CLEAN,0.9901531283077836,521466,1049514117
Allen VBN,SVM,MEAN_RATE_LINEAR_SVM,U30,0.9864076173944125,521466,1049514117
Allen VBN,SVM,MEAN_RATE_LINEAR_SVM,SW-U30,0.9864076173944125,521466,1049514117
Allen VBN,SVM,MEAN_RATE_LINEAR_SVM,T5,0.9878326599491942,521466,1049514117
Allen VBN,SVM,MEAN_RATE_LINEAR_SVM,B5,0.981736206314834,521466,1049514117
Allen VBN,SVM,MEAN_RATE_LINEAR_SVM,J30-5,0.9744641176485783,521466,1049514117
Allen VBN,SVM,MEAN_RATE_LINEAR_SVM,Five-Missing Mean,0.9833696437402863,521466,1049514117
Allen VBN,SVM,MEAN_RATE_LINEAR_SVM,Five-Missing Worst,0.9744641176485783,521466,1049514117
Allen VBN,TCN,TCN_LIGHTWEIGHT,CLEAN,0.8809928981443906,521466,1049514117
Allen VBN,TCN,TCN_LIGHTWEIGHT,U30,0.7375985686722256,521466,1049514117
Allen VBN,TCN,TCN_LIGHTWEIGHT,SW-U30,0.7375985686722256,521466,1049514117
Allen VBN,TCN,TCN_LIGHTWEIGHT,T5,0.8344079375941661,521466,1049514117
Allen VBN,TCN,TCN_LIGHTWEIGHT,B5,0.7393723048314558,521466,1049514117
Allen VBN,TCN,TCN_LIGHTWEIGHT,J30-5,0.620452924578833,521466,1049514117
Allen VBN,TCN,TCN_LIGHTWEIGHT,Five-Missing Mean,0.7338860608697813,521466,1049514117
Allen VBN,TCN,TCN_LIGHTWEIGHT,Five-Missing Worst,0.620452924578833,521466,1049514117
Allen VBN,Transformer,TINY_TRANSFORMER_LIGHTWEIGHT_POSITION_AWARE,CLEAN,0.9954291565319113,521466,1049514117
Allen VBN,Transformer,TINY_TRANSFORMER_LIGHTWEIGHT_POSITION_AWARE,U30,0.9902025713923234,521466,1049514117
Allen VBN,Transformer,TINY_TRANSFORMER_LIGHTWEIGHT_POSITION_AWARE,SW-U30,0.9902025713923234,521466,1049514117
Allen VBN,Transformer,TINY_TRANSFORMER_LIGHTWEIGHT_POSITION_AWARE,T5,0.9757638214512696,521466,1049514117
Allen VBN,Transformer,TINY_TRANSFORMER_LIGHTWEIGHT_POSITION_AWARE,B5,0.9818828445719079,521466,1049514117
Allen VBN,Transformer,TINY_TRANSFORMER_LIGHTWEIGHT_POSITION_AWARE,J30-5,0.933493930484595,521466,1049514117
Allen VBN,Transformer,TINY_TRANSFORMER_LIGHTWEIGHT_POSITION_AWARE,Five-Missing Mean,0.9743091478584838,521466,1049514117
Allen VBN,Transformer,TINY_TRANSFORMER_LIGHTWEIGHT_POSITION_AWARE,Five-Missing Worst,0.933493930484595,521466,1049514117
Allen VBN,CEBRA,CEBRA_FLAT_LOGREG,CLEAN,0.9976350329619997,524760,1051155866
Allen VBN,CEBRA,CEBRA_FLAT_LOGREG,U30,0.9918405923467715,524760,1051155866
Allen VBN,CEBRA,CEBRA_FLAT_LOGREG,SW-U30,0.9918405923467715,524760,1051155866
Allen VBN,CEBRA,CEBRA_FLAT_LOGREG,T5,0.9891672937709078,524760,1051155866
Allen VBN,CEBRA,CEBRA_FLAT_LOGREG,B5,0.989045617679821,524760,1051155866
Allen VBN,CEBRA,CEBRA_FLAT_LOGREG,J30-5,0.9519816058583975,524760,1051155866
Allen VBN,CEBRA,CEBRA_FLAT_LOGREG,Five-Missing Mean,0.9827751404005338,524760,1051155866
Allen VBN,CEBRA,CEBRA_FLAT_LOGREG,Five-Missing Worst,0.9519816058583975,524760,1051155866
Allen VBN,GRU-D,GRU_LIGHTWEIGHT,CLEAN,0.029346520146520116,524760,1051155866
Allen VBN,GRU-D,GRU_LIGHTWEIGHT,U30,-6.126255497830822e-05,524760,1051155866
Allen VBN,GRU-D,GRU_LIGHTWEIGHT,SW-U30,-6.126255497830822e-05,524760,1051155866
Allen VBN,GRU-D,GRU_LIGHTWEIGHT,T5,0.0024982578397212477,524760,1051155866
Allen VBN,GRU-D,GRU_LIGHTWEIGHT,B5,0.00345963995354238,524760,1051155866
Allen VBN,GRU-D,GRU_LIGHTWEIGHT,J30-5,-0.00018486139701604003,524760,1051155866
Allen VBN,GRU-D,GRU_LIGHTWEIGHT,Five-Missing Mean,0.0011301022572581944,524760,1051155866
Allen VBN,GRU-D,GRU_LIGHTWEIGHT,Five-Missing Worst,-0.0014522556038256162,524760,1051155866
Allen VBN,MM-RVD,MM_RVD_A9_SELECTED_R6,CLEAN,1.0,524760,1051155866
Allen VBN,MM-RVD,MM_RVD_A9_SELECTED_R6,U30,0.9988827272578561,524760,1051155866
Allen VBN,MM-RVD,MM_RVD_A9_SELECTED_R6,SW-U30,0.9988827272578561,524760,1051155866
Allen VBN,MM-RVD,MM_RVD_A9_SELECTED_R6,T5,0.999378056959644,524760,1051155866
Allen VBN,MM-RVD,MM_RVD_A9_SELECTED_R6,B5,0.9994192799070849,524760,1051155866
Allen VBN,MM-RVD,MM_RVD_A9_SELECTED_R6,J30-5,0.9986489211692924,524760,1051155866
Allen VBN,MM-RVD,MM_RVD_A9_SELECTED_R6,Five-Missing Mean,0.9990423425103467,524760,1051155866
Allen VBN,MM-RVD,MM_RVD_A9_SELECTED_R6,Five-Missing Worst,0.9986489211692924,524760,1051155866
Allen VBN,SVD,SVD64_LOGREG,CLEAN,0.9377682859951645,524760,1051155866
Allen VBN,SVD,SVD64_LOGREG,U30,0.9305984476483413,524760,1051155866
Allen VBN,SVD,SVD64_LOGREG,SW-U30,0.9305984476483413,524760,1051155866
Allen VBN,SVD,SVD64_LOGREG,T5,0.9176482491293505,524760,1051155866
Allen VBN,SVD,SVD64_LOGREG,B5,0.9003378283441534,524760,1051155866
Allen VBN,SVD,SVD64_LOGREG,J30-5,0.9156571316469755,524760,1051155866
Allen VBN,SVD,SVD64_LOGREG,Five-Missing Mean,0.9189680208834324,524760,1051155866
Allen VBN,SVD,SVD64_LOGREG,Five-Missing Worst,0.9003378283441534,524760,1051155866
Allen VBN,SVM,MEAN_RATE_LINEAR_SVM,CLEAN,0.9901241988300041,524760,1051155866
Allen VBN,SVM,MEAN_RATE_LINEAR_SVM,U30,0.983983414516059,524760,1051155866
Allen VBN,SVM,MEAN_RATE_LINEAR_SVM,SW-U30,0.983983414516059,524760,1051155866
Allen VBN,SVM,MEAN_RATE_LINEAR_SVM,T5,0.983148374503813,524760,1051155866
Allen VBN,SVM,MEAN_RATE_LINEAR_SVM,B5,0.9810386434064031,524760,1051155866
Allen VBN,SVM,MEAN_RATE_LINEAR_SVM,J30-5,0.9773122828587926,524760,1051155866
Allen VBN,SVM,MEAN_RATE_LINEAR_SVM,Five-Missing Mean,0.9818932259602253,524760,1051155866
Allen VBN,SVM,MEAN_RATE_LINEAR_SVM,Five-Missing Worst,0.9773122828587926,524760,1051155866
Allen VBN,TCN,TCN_LIGHTWEIGHT,CLEAN,0.9889741968883538,524760,1051155866
Allen VBN,TCN,TCN_LIGHTWEIGHT,U30,0.8803903876978438,524760,1051155866
Allen VBN,TCN,TCN_LIGHTWEIGHT,SW-U30,0.8803903876978438,524760,1051155866
Allen VBN,TCN,TCN_LIGHTWEIGHT,T5,0.9423739608275252,524760,1051155866
Allen VBN,TCN,TCN_LIGHTWEIGHT,B5,0.919550896956849,524760,1051155866
Allen VBN,TCN,TCN_LIGHTWEIGHT,J30-5,0.8594775401220156,524760,1051155866
Allen VBN,TCN,TCN_LIGHTWEIGHT,Five-Missing Mean,0.8964366346604156,524760,1051155866
Allen VBN,TCN,TCN_LIGHTWEIGHT,Five-Missing Worst,0.8594775401220156,524760,1051155866
Allen VBN,Transformer,TINY_TRANSFORMER_LIGHTWEIGHT_POSITION_AWARE,CLEAN,0.9976316566063044,524760,1051155866
Allen VBN,Transformer,TINY_TRANSFORMER_LIGHTWEIGHT_POSITION_AWARE,U30,0.9956655836104226,524760,1051155866
Allen VBN,Transformer,TINY_TRANSFORMER_LIGHTWEIGHT_POSITION_AWARE,SW-U30,0.9956655836104226,524760,1051155866
Allen VBN,Transformer,TINY_TRANSFORMER_LIGHTWEIGHT_POSITION_AWARE,T5,0.9245889753518541,524760,1051155866
Allen VBN,Transformer,TINY_TRANSFORMER_LIGHTWEIGHT_POSITION_AWARE,B5,0.9952983707934351,524760,1051155866
Allen VBN,Transformer,TINY_TRANSFORMER_LIGHTWEIGHT_POSITION_AWARE,J30-5,0.9210298770577913,524760,1051155866
Allen VBN,Transformer,TINY_TRANSFORMER_LIGHTWEIGHT_POSITION_AWARE,Five-Missing Mean,0.966449678084785,524760,1051155866
Allen VBN,Transformer,TINY_TRANSFORMER_LIGHTWEIGHT_POSITION_AWARE,Five-Missing Worst,0.9141456244507875,524760,1051155866
Allen VBN,CEBRA,CEBRA_FLAT_LOGREG,CLEAN,0.9963936219654723,527749,1053718935
Allen VBN,CEBRA,CEBRA_FLAT_LOGREG,U30,0.9699160976051242,527749,1053718935
Allen VBN,CEBRA,CEBRA_FLAT_LOGREG,SW-U30,0.9699160976051242,527749,1053718935
Allen VBN,CEBRA,CEBRA_FLAT_LOGREG,T5,0.9285126441296704,527749,1053718935
Allen VBN,CEBRA,CEBRA_FLAT_LOGREG,B5,0.950716685083264,527749,1053718935
Allen VBN,CEBRA,CEBRA_FLAT_LOGREG,J30-5,0.7881134631794293,527749,1053718935
Allen VBN,CEBRA,CEBRA_FLAT_LOGREG,Five-Missing Mean,0.9214349975205224,527749,1053718935
Allen VBN,CEBRA,CEBRA_FLAT_LOGREG,Five-Missing Worst,0.7881134631794293,527749,1053718935
Allen VBN,GRU-D,GRU_LIGHTWEIGHT,CLEAN,0.040818823316090866,527749,1053718935
Allen VBN,GRU-D,GRU_LIGHTWEIGHT,U30,-0.0008571088629411319,527749,1053718935
Allen VBN,GRU-D,GRU_LIGHTWEIGHT,SW-U30,-0.0008571088629411319,527749,1053718935
Allen VBN,GRU-D,GRU_LIGHTWEIGHT,T5,0.0021661631196767243,527749,1053718935
Allen VBN,GRU-D,GRU_LIGHTWEIGHT,B5,0.00243820161085788,527749,1053718935
Allen VBN,GRU-D,GRU_LIGHTWEIGHT,J30-5,0.0005947206508214592,527749,1053718935
Allen VBN,GRU-D,GRU_LIGHTWEIGHT,Five-Missing Mean,0.0006969735310947597,527749,1053718935
Allen VBN,GRU-D,GRU_LIGHTWEIGHT,Five-Missing Worst,-0.001159749070507724,527749,1053718935
Allen VBN,MM-RVD,MM_RVD_A9_SELECTED_R6,CLEAN,0.99937343358396,527749,1053718935
Allen VBN,MM-RVD,MM_RVD_A9_SELECTED_R6,U30,0.9993963993649462,527749,1053718935
Allen VBN,MM-RVD,MM_RVD_A9_SELECTED_R6,SW-U30,0.9993963993649462,527749,1053718935
Allen VBN,MM-RVD,MM_RVD_A9_SELECTED_R6,T5,0.999256276289921,527749,1053718935
Allen VBN,MM-RVD,MM_RVD_A9_SELECTED_R6,B5,0.9987375285658547,527749,1053718935
Allen VBN,MM-RVD,MM_RVD_A9_SELECTED_R6,J30-5,0.9981510096984479,527749,1053718935
Allen VBN,MM-RVD,MM_RVD_A9_SELECTED_R6,Five-Missing Mean,0.9989875226568232,527749,1053718935
Allen VBN,MM-RVD,MM_RVD_A9_SELECTED_R6,Five-Missing Worst,0.9981510096984479,527749,1053718935
Allen VBN,SVD,SVD64_LOGREG,CLEAN,0.9678832122377615,527749,1053718935
Allen VBN,SVD,SVD64_LOGREG,U30,0.9598834694240528,527749,1053718935
Allen VBN,SVD,SVD64_LOGREG,SW-U30,0.9598834694240528,527749,1053718935
Allen VBN,SVD,SVD64_LOGREG,T5,0.8921689410564608,527749,1053718935
Allen VBN,SVD,SVD64_LOGREG,B5,0.9203293544789464,527749,1053718935
Allen VBN,SVD,SVD64_LOGREG,J30-5,0.8856644488902861,527749,1053718935
Allen VBN,SVD,SVD64_LOGREG,Five-Missing Mean,0.9235859366547599,527749,1053718935
Allen VBN,SVD,SVD64_LOGREG,Five-Missing Worst,0.8856644488902861,527749,1053718935
Allen VBN,SVM,MEAN_RATE_LINEAR_SVM,CLEAN,0.990914885830914,527749,1053718935
Allen VBN,SVM,MEAN_RATE_LINEAR_SVM,U30,0.9831811152165892,527749,1053718935
Allen VBN,SVM,MEAN_RATE_LINEAR_SVM,SW-U30,0.9831811152165892,527749,1053718935
Allen VBN,SVM,MEAN_RATE_LINEAR_SVM,T5,0.9721101964035177,527749,1053718935
Allen VBN,SVM,MEAN_RATE_LINEAR_SVM,B5,0.9723099170423882,527749,1053718935
Allen VBN,SVM,MEAN_RATE_LINEAR_SVM,J30-5,0.9570077891405353,527749,1053718935
Allen VBN,SVM,MEAN_RATE_LINEAR_SVM,Five-Missing Mean,0.9735580266039239,527749,1053718935
Allen VBN,SVM,MEAN_RATE_LINEAR_SVM,Five-Missing Worst,0.9570077891405353,527749,1053718935
Allen VBN,TCN,TCN_LIGHTWEIGHT,CLEAN,0.3315859974060593,527749,1053718935
Allen VBN,TCN,TCN_LIGHTWEIGHT,U30,0.2173237246853937,527749,1053718935
Allen VBN,TCN,TCN_LIGHTWEIGHT,SW-U30,0.2173237246853937,527749,1053718935
Allen VBN,TCN,TCN_LIGHTWEIGHT,T5,0.2200044406496918,527749,1053718935
Allen VBN,TCN,TCN_LIGHTWEIGHT,B5,0.1913981900524924,527749,1053718935
Allen VBN,TCN,TCN_LIGHTWEIGHT,J30-5,0.16161393032957244,527749,1053718935
Allen VBN,TCN,TCN_LIGHTWEIGHT,Five-Missing Mean,0.2015328020805088,527749,1053718935
Allen VBN,TCN,TCN_LIGHTWEIGHT,Five-Missing Worst,0.15282808047332608,527749,1053718935
Allen VBN,Transformer,TINY_TRANSFORMER_LIGHTWEIGHT_POSITION_AWARE,CLEAN,0.9972557494273001,527749,1053718935
Allen VBN,Transformer,TINY_TRANSFORMER_LIGHTWEIGHT_POSITION_AWARE,U30,0.9762881717465841,527749,1053718935
Allen VBN,Transformer,TINY_TRANSFORMER_LIGHTWEIGHT_POSITION_AWARE,SW-U30,0.9762881717465841,527749,1053718935
Allen VBN,Transformer,TINY_TRANSFORMER_LIGHTWEIGHT_POSITION_AWARE,T5,0.802068922668164,527749,1053718935
Allen VBN,Transformer,TINY_TRANSFORMER_LIGHTWEIGHT_POSITION_AWARE,B5,0.9626147251714514,527749,1053718935
Allen VBN,Transformer,TINY_TRANSFORMER_LIGHTWEIGHT_POSITION_AWARE,J30-5,0.7421166408754893,527749,1053718935
Allen VBN,Transformer,TINY_TRANSFORMER_LIGHTWEIGHT_POSITION_AWARE,Five-Missing Mean,0.8918753264416546,527749,1053718935
Allen VBN,Transformer,TINY_TRANSFORMER_LIGHTWEIGHT_POSITION_AWARE,Five-Missing Worst,0.7421166408754893,527749,1053718935
Allen VBN,CEBRA,CEBRA_FLAT_LOGREG,CLEAN,0.9923581576763263,531237,1056495334
Allen VBN,CEBRA,CEBRA_FLAT_LOGREG,U30,0.9615912601558521,531237,1056495334
Allen VBN,CEBRA,CEBRA_FLAT_LOGREG,SW-U30,0.9615912601558521,531237,1056495334
Allen VBN,CEBRA,CEBRA_FLAT_LOGREG,T5,0.9797011031530918,531237,1056495334
Allen VBN,CEBRA,CEBRA_FLAT_LOGREG,B5,0.950947933550187,531237,1056495334
Allen VBN,CEBRA,CEBRA_FLAT_LOGREG,J30-5,0.9303616172982162,531237,1056495334
Allen VBN,CEBRA,CEBRA_FLAT_LOGREG,Five-Missing Mean,0.9568386348626398,531237,1056495334
Allen VBN,CEBRA,CEBRA_FLAT_LOGREG,Five-Missing Worst,0.9297327491286328,531237,1056495334
Allen VBN,GRU-D,GRU_LIGHTWEIGHT,CLEAN,0.0,531237,1056495334
Allen VBN,GRU-D,GRU_LIGHTWEIGHT,U30,0.00109809855736246,531237,1056495334
Allen VBN,GRU-D,GRU_LIGHTWEIGHT,SW-U30,0.00109809855736246,531237,1056495334
Allen VBN,GRU-D,GRU_LIGHTWEIGHT,T5,9.736601827992398e-05,531237,1056495334
Allen VBN,GRU-D,GRU_LIGHTWEIGHT,B5,0.00086292847117824,531237,1056495334
Allen VBN,GRU-D,GRU_LIGHTWEIGHT,J30-5,0.0006149998076895681,531237,1056495334
Allen VBN,GRU-D,GRU_LIGHTWEIGHT,Five-Missing Mean,0.0007542982823745304,531237,1056495334
Allen VBN,GRU-D,GRU_LIGHTWEIGHT,Five-Missing Worst,-0.0004430564632170239,531237,1056495334
Allen VBN,MM-RVD,MM_RVD_A9_SELECTED_R6,CLEAN,0.9986983336298404,531237,1056495334
Allen VBN,MM-RVD,MM_RVD_A9_SELECTED_R6,U30,0.9980727855223515,531237,1056495334
Allen VBN,MM-RVD,MM_RVD_A9_SELECTED_R6,SW-U30,0.9980727855223515,531237,1056495334
Allen VBN,MM-RVD,MM_RVD_A9_SELECTED_R6,T5,0.9975956306786893,531237,1056495334
Allen VBN,MM-RVD,MM_RVD_A9_SELECTED_R6,B5,0.9980082025049268,531237,1056495334
Allen VBN,MM-RVD,MM_RVD_A9_SELECTED_R6,J30-5,0.9979740277071485,531237,1056495334
Allen VBN,MM-RVD,MM_RVD_A9_SELECTED_R6,Five-Missing Mean,0.9979446863870935,531237,1056495334
Allen VBN,MM-RVD,MM_RVD_A9_SELECTED_R6,Five-Missing Worst,0.9975956306786893,531237,1056495334
Allen VBN,SVD,SVD64_LOGREG,CLEAN,0.7703566852066015,531237,1056495334
Allen VBN,SVD,SVD64_LOGREG,U30,0.7509796444465453,531237,1056495334
Allen VBN,SVD,SVD64_LOGREG,SW-U30,0.7509796444465453,531237,1056495334
Allen VBN,SVD,SVD64_LOGREG,T5,0.7621348855705398,531237,1056495334
Allen VBN,SVD,SVD64_LOGREG,B5,0.6746950401792302,531237,1056495334
Allen VBN,SVD,SVD64_LOGREG,J30-5,0.7556960311739741,531237,1056495334
Allen VBN,SVD,SVD64_LOGREG,Five-Missing Mean,0.738897049163367,531237,1056495334
Allen VBN,SVD,SVD64_LOGREG,Five-Missing Worst,0.6746950401792302,531237,1056495334
Allen VBN,SVM,MEAN_RATE_LINEAR_SVM,CLEAN,0.9546449139229309,531237,1056495334
Allen VBN,SVM,MEAN_RATE_LINEAR_SVM,U30,0.9295405025784411,531237,1056495334
Allen VBN,SVM,MEAN_RATE_LINEAR_SVM,SW-U30,0.9295405025784411,531237,1056495334
Allen VBN,SVM,MEAN_RATE_LINEAR_SVM,T5,0.9481307991170951,531237,1056495334
Allen VBN,SVM,MEAN_RATE_LINEAR_SVM,B5,0.9124417227146334,531237,1056495334
Allen VBN,SVM,MEAN_RATE_LINEAR_SVM,J30-5,0.9247482646686209,531237,1056495334
Allen VBN,SVM,MEAN_RATE_LINEAR_SVM,Five-Missing Mean,0.9288803583314463,531237,1056495334
Allen VBN,SVM,MEAN_RATE_LINEAR_SVM,Five-Missing Worst,0.9124417227146334,531237,1056495334
Allen VBN,TCN,TCN_LIGHTWEIGHT,CLEAN,0.5637029012043218,531237,1056495334
Allen VBN,TCN,TCN_LIGHTWEIGHT,U30,0.3588992950441664,531237,1056495334
Allen VBN,TCN,TCN_LIGHTWEIGHT,SW-U30,0.3588992950441664,531237,1056495334
Allen VBN,TCN,TCN_LIGHTWEIGHT,T5,0.4715123994239435,531237,1056495334
Allen VBN,TCN,TCN_LIGHTWEIGHT,B5,0.3448842114660061,531237,1056495334
Allen VBN,TCN,TCN_LIGHTWEIGHT,J30-5,0.29982517050872437,531237,1056495334
Allen VBN,TCN,TCN_LIGHTWEIGHT,Five-Missing Mean,0.36680407429740136,531237,1056495334
Allen VBN,TCN,TCN_LIGHTWEIGHT,Five-Missing Worst,0.288698992731154,531237,1056495334
Allen VBN,Transformer,TINY_TRANSFORMER_LIGHTWEIGHT_POSITION_AWARE,CLEAN,0.9842357174335294,531237,1056495334
Allen VBN,Transformer,TINY_TRANSFORMER_LIGHTWEIGHT_POSITION_AWARE,U30,0.9529204046447539,531237,1056495334
Allen VBN,Transformer,TINY_TRANSFORMER_LIGHTWEIGHT_POSITION_AWARE,SW-U30,0.9529204046447539,531237,1056495334
Allen VBN,Transformer,TINY_TRANSFORMER_LIGHTWEIGHT_POSITION_AWARE,T5,0.9703707809885043,531237,1056495334
Allen VBN,Transformer,TINY_TRANSFORMER_LIGHTWEIGHT_POSITION_AWARE,B5,0.9112218533010802,531237,1056495334
Allen VBN,Transformer,TINY_TRANSFORMER_LIGHTWEIGHT_POSITION_AWARE,J30-5,0.9365075321983245,531237,1056495334
Allen VBN,Transformer,TINY_TRANSFORMER_LIGHTWEIGHT_POSITION_AWARE,Five-Missing Mean,0.9447881951554834,531237,1056495334
Allen VBN,Transformer,TINY_TRANSFORMER_LIGHTWEIGHT_POSITION_AWARE,Five-Missing Worst,0.9076028597033708,531237,1056495334
Allen VBN,CEBRA,CEBRA_FLAT_LOGREG,CLEAN,1.0,544837,1069458330
Allen VBN,CEBRA,CEBRA_FLAT_LOGREG,U30,0.9984309929126509,544837,1069458330
Allen VBN,CEBRA,CEBRA_FLAT_LOGREG,SW-U30,0.9983659812199676,544837,1069458330
Allen VBN,CEBRA,CEBRA_FLAT_LOGREG,T5,0.9924401792156067,544837,1069458330
Allen VBN,CEBRA,CEBRA_FLAT_LOGREG,B5,0.9976068209569575,544837,1069458330
Allen VBN,CEBRA,CEBRA_FLAT_LOGREG,J30-5,0.9602289587731457,544837,1069458330
Allen VBN,CEBRA,CEBRA_FLAT_LOGREG,Five-Missing Mean,0.9894145866156656,544837,1069458330
Allen VBN,CEBRA,CEBRA_FLAT_LOGREG,Five-Missing Worst,0.9602289587731457,544837,1069458330
Allen VBN,GRU-D,GRU_LIGHTWEIGHT,CLEAN,0.769622199992857,544837,1069458330
Allen VBN,GRU-D,GRU_LIGHTWEIGHT,U30,0.06568674332611711,544837,1069458330
Allen VBN,GRU-D,GRU_LIGHTWEIGHT,SW-U30,0.03389762127941881,544837,1069458330
Allen VBN,GRU-D,GRU_LIGHTWEIGHT,T5,0.15854592271681126,544837,1069458330
Allen VBN,GRU-D,GRU_LIGHTWEIGHT,B5,0.12261428299316761,544837,1069458330
Allen VBN,GRU-D,GRU_LIGHTWEIGHT,J30-5,0.02318733964315266,544837,1069458330
Allen VBN,GRU-D,GRU_LIGHTWEIGHT,Five-Missing Mean,0.08078638199173348,544837,1069458330
Allen VBN,GRU-D,GRU_LIGHTWEIGHT,Five-Missing Worst,0.01410397790563643,544837,1069458330
Allen VBN,MM-RVD,MM_RVD_A9_SELECTED_R6,CLEAN,1.0,544837,1069458330
Allen VBN,MM-RVD,MM_RVD_A9_SELECTED_R6,U30,0.9998843262001156,544837,1069458330
Allen VBN,MM-RVD,MM_RVD_A9_SELECTED_R6,SW-U30,0.9994216310005785,544837,1069458330
Allen VBN,MM-RVD,MM_RVD_A9_SELECTED_R6,T5,0.9996729806071782,544837,1069458330
Allen VBN,MM-RVD,MM_RVD_A9_SELECTED_R6,B5,0.9994465648360867,544837,1069458330
Allen VBN,MM-RVD,MM_RVD_A9_SELECTED_R6,J30-5,0.9989257931471295,544837,1069458330
Allen VBN,MM-RVD,MM_RVD_A9_SELECTED_R6,Five-Missing Mean,0.9994702591582177,544837,1069458330
Allen VBN,MM-RVD,MM_RVD_A9_SELECTED_R6,Five-Missing Worst,0.9989257931471295,544837,1069458330
Allen VBN,SVD,SVD64_LOGREG,CLEAN,0.95865860458181,544837,1069458330
Allen VBN,SVD,SVD64_LOGREG,U30,0.9544999832223708,544837,1069458330
Allen VBN,SVD,SVD64_LOGREG,SW-U30,0.953439564568012,544837,1069458330
Allen VBN,SVD,SVD64_LOGREG,T5,0.9428725068789165,544837,1069458330
Allen VBN,SVD,SVD64_LOGREG,B5,0.9507139811412877,544837,1069458330
Allen VBN,SVD,SVD64_LOGREG,J30-5,0.93595494793304,544837,1069458330
Allen VBN,SVD,SVD64_LOGREG,Five-Missing Mean,0.9474961967487254,544837,1069458330
Allen VBN,SVD,SVD64_LOGREG,Five-Missing Worst,0.93595494793304,544837,1069458330
Allen VBN,SVM,MEAN_RATE_LINEAR_SVM,CLEAN,0.9951745357717214,544837,1069458330
Allen VBN,SVM,MEAN_RATE_LINEAR_SVM,U30,0.990887175398102,544837,1069458330
Allen VBN,SVM,MEAN_RATE_LINEAR_SVM,SW-U30,0.9906455806687333,544837,1069458330
Allen VBN,SVM,MEAN_RATE_LINEAR_SVM,T5,0.9881655229911495,544837,1069458330
Allen VBN,SVM,MEAN_RATE_LINEAR_SVM,B5,0.9926674716312447,544837,1069458330
Allen VBN,SVM,MEAN_RATE_LINEAR_SVM,J30-5,0.9805938902153476,544837,1069458330
Allen VBN,SVM,MEAN_RATE_LINEAR_SVM,Five-Missing Mean,0.9885919281809155,544837,1069458330
Allen VBN,SVM,MEAN_RATE_LINEAR_SVM,Five-Missing Worst,0.9805938902153476,544837,1069458330
Allen VBN,TCN,TCN_LIGHTWEIGHT,CLEAN,0.985241157607218,544837,1069458330
Allen VBN,TCN,TCN_LIGHTWEIGHT,U30,0.840954697938761,544837,1069458330
Allen VBN,TCN,TCN_LIGHTWEIGHT,SW-U30,0.817518668988747,544837,1069458330
Allen VBN,TCN,TCN_LIGHTWEIGHT,T5,0.9401821335278797,544837,1069458330
Allen VBN,TCN,TCN_LIGHTWEIGHT,B5,0.9524260894831631,544837,1069458330
Allen VBN,TCN,TCN_LIGHTWEIGHT,J30-5,0.7796076015163192,544837,1069458330
Allen VBN,TCN,TCN_LIGHTWEIGHT,Five-Missing Mean,0.8661378382909739,544837,1069458330
Allen VBN,TCN,TCN_LIGHTWEIGHT,Five-Missing Worst,0.7776170330193828,544837,1069458330
Allen VBN,Transformer,TINY_TRANSFORMER_LIGHTWEIGHT_POSITION_AWARE,CLEAN,0.9994043666790449,544837,1069458330
Allen VBN,Transformer,TINY_TRANSFORMER_LIGHTWEIGHT_POSITION_AWARE,U30,0.9944822681407339,544837,1069458330
Allen VBN,Transformer,TINY_TRANSFORMER_LIGHTWEIGHT_POSITION_AWARE,SW-U30,0.9881997344160094,544837,1069458330
Allen VBN,Transformer,TINY_TRANSFORMER_LIGHTWEIGHT_POSITION_AWARE,T5,0.9650821904914595,544837,1069458330
Allen VBN,Transformer,TINY_TRANSFORMER_LIGHTWEIGHT_POSITION_AWARE,B5,0.9929716507691717,544837,1069458330
Allen VBN,Transformer,TINY_TRANSFORMER_LIGHTWEIGHT_POSITION_AWARE,J30-5,0.9018109345012169,544837,1069458330
Allen VBN,Transformer,TINY_TRANSFORMER_LIGHTWEIGHT_POSITION_AWARE,Five-Missing Mean,0.9685093556637183,544837,1069458330
Allen VBN,Transformer,TINY_TRANSFORMER_LIGHTWEIGHT_POSITION_AWARE,Five-Missing Worst,0.9018109345012169,544837,1069458330
Allen VBN,CEBRA,CEBRA_FLAT_LOGREG,CLEAN,0.9978739414042768,546507,1072567062
Allen VBN,CEBRA,CEBRA_FLAT_LOGREG,U30,0.9897101833731604,546507,1072567062
Allen VBN,CEBRA,CEBRA_FLAT_LOGREG,SW-U30,0.990573682427495,546507,1072567062
Allen VBN,CEBRA,CEBRA_FLAT_LOGREG,T5,0.9849365883048857,546507,1072567062
Allen VBN,CEBRA,CEBRA_FLAT_LOGREG,B5,0.9919149724019114,546507,1072567062
Allen VBN,CEBRA,CEBRA_FLAT_LOGREG,J30-5,0.9300494794129536,546507,1072567062
Allen VBN,CEBRA,CEBRA_FLAT_LOGREG,Five-Missing Mean,0.9774369811840812,546507,1072567062
Allen VBN,CEBRA,CEBRA_FLAT_LOGREG,Five-Missing Worst,0.9300494794129536,546507,1072567062
Allen VBN,GRU-D,GRU_LIGHTWEIGHT,CLEAN,0.626953253021202,546507,1072567062
Allen VBN,GRU-D,GRU_LIGHTWEIGHT,U30,0.028577017937574695,546507,1072567062
Allen VBN,GRU-D,GRU_LIGHTWEIGHT,SW-U30,0.0036931918884460123,546507,1072567062
Allen VBN,GRU-D,GRU_LIGHTWEIGHT,T5,0.09984251831679077,546507,1072567062
Allen VBN,GRU-D,GRU_LIGHTWEIGHT,B5,0.06882884385966864,546507,1072567062
Allen VBN,GRU-D,GRU_LIGHTWEIGHT,J30-5,0.017471614444631293,546507,1072567062
Allen VBN,GRU-D,GRU_LIGHTWEIGHT,Five-Missing Mean,0.04368263728942228,546507,1072567062
Allen VBN,GRU-D,GRU_LIGHTWEIGHT,Five-Missing Worst,-0.0034696811713900598,546507,1072567062
Allen VBN,MM-RVD,MM_RVD_A9_SELECTED_R6,CLEAN,0.9992748368382884,546507,1072567062
Allen VBN,MM-RVD,MM_RVD_A9_SELECTED_R6,U30,0.9993354127168572,546507,1072567062
Allen VBN,MM-RVD,MM_RVD_A9_SELECTED_R6,SW-U30,0.9995951900422575,546507,1072567062
Allen VBN,MM-RVD,MM_RVD_A9_SELECTED_R6,T5,0.9984998491750199,546507,1072567062
Allen VBN,MM-RVD,MM_RVD_A9_SELECTED_R6,B5,0.9994198694706308,546507,1072567062
Allen VBN,MM-RVD,MM_RVD_A9_SELECTED_R6,J30-5,0.9982916887277842,546507,1072567062
Allen VBN,MM-RVD,MM_RVD_A9_SELECTED_R6,Five-Missing Mean,0.9990284020265099,546507,1072567062
Allen VBN,MM-RVD,MM_RVD_A9_SELECTED_R6,Five-Missing Worst,0.9982916887277842,546507,1072567062
Allen VBN,SVD,SVD64_LOGREG,CLEAN,0.9030911322954397,546507,1072567062
Allen VBN,SVD,SVD64_LOGREG,U30,0.8928477040557344,546507,1072567062
Allen VBN,SVD,SVD64_LOGREG,SW-U30,0.8959190393744489,546507,1072567062
Allen VBN,SVD,SVD64_LOGREG,T5,0.8719537033715321,546507,1072567062
Allen VBN,SVD,SVD64_LOGREG,B5,0.887675724828833,546507,1072567062
Allen VBN,SVD,SVD64_LOGREG,J30-5,0.861374906012886,546507,1072567062
Allen VBN,SVD,SVD64_LOGREG,Five-Missing Mean,0.881954215528687,546507,1072567062
Allen VBN,SVD,SVD64_LOGREG,Five-Missing Worst,0.861374906012886,546507,1072567062
Allen VBN,SVM,MEAN_RATE_LINEAR_SVM,CLEAN,0.9877532185798903,546507,1072567062
Allen VBN,SVM,MEAN_RATE_LINEAR_SVM,U30,0.9796386274014821,546507,1072567062
Allen VBN,SVM,MEAN_RATE_LINEAR_SVM,SW-U30,0.9791138018636503,546507,1072567062
Allen VBN,SVM,MEAN_RATE_LINEAR_SVM,T5,0.9760775531199068,546507,1072567062
Allen VBN,SVM,MEAN_RATE_LINEAR_SVM,B5,0.9834759834826345,546507,1072567062
Allen VBN,SVM,MEAN_RATE_LINEAR_SVM,J30-5,0.9598505916414178,546507,1072567062
Allen VBN,SVM,MEAN_RATE_LINEAR_SVM,Five-Missing Mean,0.9756313115018184,546507,1072567062
Allen VBN,SVM,MEAN_RATE_LINEAR_SVM,Five-Missing Worst,0.9598505916414178,546507,1072567062
Allen VBN,TCN,TCN_LIGHTWEIGHT,CLEAN,0.8861369681344012,546507,1072567062
Allen VBN,TCN,TCN_LIGHTWEIGHT,U30,0.5982487451362137,546507,1072567062
Allen VBN,TCN,TCN_LIGHTWEIGHT,SW-U30,0.6203077020543366,546507,1072567062
Allen VBN,TCN,TCN_LIGHTWEIGHT,T5,0.7921230825327442,546507,1072567062
Allen VBN,TCN,TCN_LIGHTWEIGHT,B5,0.8200366905433902,546507,1072567062
Allen VBN,TCN,TCN_LIGHTWEIGHT,J30-5,0.5137289573166861,546507,1072567062
Allen VBN,TCN,TCN_LIGHTWEIGHT,Five-Missing Mean,0.6688890355166743,546507,1072567062
Allen VBN,TCN,TCN_LIGHTWEIGHT,Five-Missing Worst,0.5014633219295638,546507,1072567062
Allen VBN,Transformer,TINY_TRANSFORMER_LIGHTWEIGHT_POSITION_AWARE,CLEAN,0.9978475717440839,546507,1072567062
Allen VBN,Transformer,TINY_TRANSFORMER_LIGHTWEIGHT_POSITION_AWARE,U30,0.9853773639339746,546507,1072567062
Allen VBN,Transformer,TINY_TRANSFORMER_LIGHTWEIGHT_POSITION_AWARE,SW-U30,0.9885260440778592,546507,1072567062
Allen VBN,Transformer,TINY_TRANSFORMER_LIGHTWEIGHT_POSITION_AWARE,T5,0.9450472764773699,546507,1072567062
Allen VBN,Transformer,TINY_TRANSFORMER_LIGHTWEIGHT_POSITION_AWARE,B5,0.9842319934212371,546507,1072567062
Allen VBN,Transformer,TINY_TRANSFORMER_LIGHTWEIGHT_POSITION_AWARE,J30-5,0.8787335925159443,546507,1072567062
Allen VBN,Transformer,TINY_TRANSFORMER_LIGHTWEIGHT_POSITION_AWARE,Five-Missing Mean,0.956383254085277,546507,1072567062
Allen VBN,Transformer,TINY_TRANSFORMER_LIGHTWEIGHT_POSITION_AWARE,Five-Missing Worst,0.8787335925159443,546507,1072567062
Allen VBN,CEBRA,CEBRA_FLAT_LOGREG,CLEAN,0.9995220370535087,563497,1104058216
Allen VBN,CEBRA,CEBRA_FLAT_LOGREG,U30,0.9980742960301091,563497,1104058216
Allen VBN,CEBRA,CEBRA_FLAT_LOGREG,SW-U30,0.9977659447670681,563497,1104058216
Allen VBN,CEBRA,CEBRA_FLAT_LOGREG,T5,0.9962935580057563,563497,1104058216
Allen VBN,CEBRA,CEBRA_FLAT_LOGREG,B5,0.9976545772653675,563497,1104058216
Allen VBN,CEBRA,CEBRA_FLAT_LOGREG,J30-5,0.9742043460967631,563497,1104058216
Allen VBN,CEBRA,CEBRA_FLAT_LOGREG,Five-Missing Mean,0.9927985444330127,563497,1104058216
Allen VBN,CEBRA,CEBRA_FLAT_LOGREG,Five-Missing Worst,0.9742043460967631,563497,1104058216
Allen VBN,GRU-D,GRU_LIGHTWEIGHT,CLEAN,0.7097856476956739,563497,1104058216
Allen VBN,GRU-D,GRU_LIGHTWEIGHT,U30,0.06838213359865403,563497,1104058216
Allen VBN,GRU-D,GRU_LIGHTWEIGHT,SW-U30,0.04426647944479818,563497,1104058216
Allen VBN,GRU-D,GRU_LIGHTWEIGHT,T5,0.18081754617938733,563497,1104058216
Allen VBN,GRU-D,GRU_LIGHTWEIGHT,B5,0.1633810802096535,563497,1104058216
Allen VBN,GRU-D,GRU_LIGHTWEIGHT,J30-5,0.035367394037995846,563497,1104058216
Allen VBN,GRU-D,GRU_LIGHTWEIGHT,Five-Missing Mean,0.09844292669409778,563497,1104058216
Allen VBN,GRU-D,GRU_LIGHTWEIGHT,Five-Missing Worst,0.015530375828580467,563497,1104058216
Allen VBN,MM-RVD,MM_RVD_A9_SELECTED_R6,CLEAN,1.0,563497,1104058216
Allen VBN,MM-RVD,MM_RVD_A9_SELECTED_R6,U30,1.0,563497,1104058216
Allen VBN,MM-RVD,MM_RVD_A9_SELECTED_R6,SW-U30,1.0,563497,1104058216
Allen VBN,MM-RVD,MM_RVD_A9_SELECTED_R6,T5,0.9995441158609293,563497,1104058216
Allen VBN,MM-RVD,MM_RVD_A9_SELECTED_R6,B5,0.9985500870418335,563497,1104058216
Allen VBN,MM-RVD,MM_RVD_A9_SELECTED_R6,J30-5,0.9995501872714122,563497,1104058216
Allen VBN,MM-RVD,MM_RVD_A9_SELECTED_R6,Five-Missing Mean,0.999528878034835,563497,1104058216
Allen VBN,MM-RVD,MM_RVD_A9_SELECTED_R6,Five-Missing Worst,0.9985500870418335,563497,1104058216
Allen VBN,SVD,SVD64_LOGREG,CLEAN,0.9587050132607577,563497,1104058216
Allen VBN,SVD,SVD64_LOGREG,U30,0.9473469350688468,563497,1104058216
Allen VBN,SVD,SVD64_LOGREG,SW-U30,0.950403725751175,563497,1104058216
Allen VBN,SVD,SVD64_LOGREG,T5,0.9431857545203696,563497,1104058216
Allen VBN,SVD,SVD64_LOGREG,B5,0.94674744311699,563497,1104058216
Allen VBN,SVD,SVD64_LOGREG,J30-5,0.9256425520866578,563497,1104058216
Allen VBN,SVD,SVD64_LOGREG,Five-Missing Mean,0.942665282108808,563497,1104058216
Allen VBN,SVD,SVD64_LOGREG,Five-Missing Worst,0.9256425520866578,563497,1104058216
Allen VBN,SVM,MEAN_RATE_LINEAR_SVM,CLEAN,0.9942053565322853,563497,1104058216
Allen VBN,SVM,MEAN_RATE_LINEAR_SVM,U30,0.9867120267469129,563497,1104058216
Allen VBN,SVM,MEAN_RATE_LINEAR_SVM,SW-U30,0.9854479670380594,563497,1104058216
Allen VBN,SVM,MEAN_RATE_LINEAR_SVM,T5,0.9874293538737319,563497,1104058216
Allen VBN,SVM,MEAN_RATE_LINEAR_SVM,B5,0.990408535856925,563497,1104058216
Allen VBN,SVM,MEAN_RATE_LINEAR_SVM,J30-5,0.9752445155489975,563497,1104058216
Allen VBN,SVM,MEAN_RATE_LINEAR_SVM,Five-Missing Mean,0.9850484798129253,563497,1104058216
Allen VBN,SVM,MEAN_RATE_LINEAR_SVM,Five-Missing Worst,0.9752445155489975,563497,1104058216
Allen VBN,TCN,TCN_LIGHTWEIGHT,CLEAN,0.948654193735066,563497,1104058216
Allen VBN,TCN,TCN_LIGHTWEIGHT,U30,0.7068166373996487,563497,1104058216
Allen VBN,TCN,TCN_LIGHTWEIGHT,SW-U30,0.7004326188004243,563497,1104058216
Allen VBN,TCN,TCN_LIGHTWEIGHT,T5,0.8485677693594929,563497,1104058216
Allen VBN,TCN,TCN_LIGHTWEIGHT,B5,0.8525908597903135,563497,1104058216
Allen VBN,TCN,TCN_LIGHTWEIGHT,J30-5,0.6249546612194948,563497,1104058216
Allen VBN,TCN,TCN_LIGHTWEIGHT,Five-Missing Mean,0.7466725093138749,563497,1104058216
Allen VBN,TCN,TCN_LIGHTWEIGHT,Five-Missing Worst,0.6249546612194948,563497,1104058216
Allen VBN,Transformer,TINY_TRANSFORMER_LIGHTWEIGHT_POSITION_AWARE,CLEAN,1.0,563497,1104058216
Allen VBN,Transformer,TINY_TRANSFORMER_LIGHTWEIGHT_POSITION_AWARE,U30,0.9980591795855135,563497,1104058216
Allen VBN,Transformer,TINY_TRANSFORMER_LIGHTWEIGHT_POSITION_AWARE,SW-U30,0.9958609342007108,563497,1104058216
Allen VBN,Transformer,TINY_TRANSFORMER_LIGHTWEIGHT_POSITION_AWARE,T5,0.9593638654728777,563497,1104058216
Allen VBN,Transformer,TINY_TRANSFORMER_LIGHTWEIGHT_POSITION_AWARE,B5,0.9882999335212732,563497,1104058216
Allen VBN,Transformer,TINY_TRANSFORMER_LIGHTWEIGHT_POSITION_AWARE,J30-5,0.9216422690273124,563497,1104058216
Allen VBN,Transformer,TINY_TRANSFORMER_LIGHTWEIGHT_POSITION_AWARE,Five-Missing Mean,0.9726452363615377,563497,1104058216
Allen VBN,Transformer,TINY_TRANSFORMER_LIGHTWEIGHT_POSITION_AWARE,Five-Missing Worst,0.9216422690273124,563497,1104058216
Allen VBN,CEBRA,CEBRA_FLAT_LOGREG,CLEAN,0.9981810592823953,563497,1104289498
Allen VBN,CEBRA,CEBRA_FLAT_LOGREG,U30,0.9946468296769068,563497,1104289498
Allen VBN,CEBRA,CEBRA_FLAT_LOGREG,SW-U30,0.9941771412665353,563497,1104289498
Allen VBN,CEBRA,CEBRA_FLAT_LOGREG,T5,0.9902366185740629,563497,1104289498
Allen VBN,CEBRA,CEBRA_FLAT_LOGREG,B5,0.9943577456947936,563497,1104289498
Allen VBN,CEBRA,CEBRA_FLAT_LOGREG,J30-5,0.9601968486147421,563497,1104289498
Allen VBN,CEBRA,CEBRA_FLAT_LOGREG,Five-Missing Mean,0.9867230367654083,563497,1104289498
Allen VBN,CEBRA,CEBRA_FLAT_LOGREG,Five-Missing Worst,0.9601968486147421,563497,1104289498
Allen VBN,GRU-D,GRU_LIGHTWEIGHT,CLEAN,0.9852402016340385,563497,1104289498
Allen VBN,GRU-D,GRU_LIGHTWEIGHT,U30,0.05376152182729903,563497,1104289498
Allen VBN,GRU-D,GRU_LIGHTWEIGHT,SW-U30,0.04945988515245472,563497,1104289498
Allen VBN,GRU-D,GRU_LIGHTWEIGHT,T5,0.18176755074258968,563497,1104289498
Allen VBN,GRU-D,GRU_LIGHTWEIGHT,B5,0.152839205510204,563497,1104289498
Allen VBN,GRU-D,GRU_LIGHTWEIGHT,J30-5,0.03286331124678532,563497,1104289498
Allen VBN,GRU-D,GRU_LIGHTWEIGHT,Five-Missing Mean,0.09413829489586656,563497,1104289498
Allen VBN,GRU-D,GRU_LIGHTWEIGHT,Five-Missing Worst,0.019798330563408368,563497,1104289498
Allen VBN,MM-RVD,MM_RVD_A9_SELECTED_R6,CLEAN,0.9988412327995492,563497,1104289498
Allen VBN,MM-RVD,MM_RVD_A9_SELECTED_R6,U30,0.9981759593910556,563497,1104289498
Allen VBN,MM-RVD,MM_RVD_A9_SELECTED_R6,SW-U30,0.9978422318005483,563497,1104289498
Allen VBN,MM-RVD,MM_RVD_A9_SELECTED_R6,T5,0.9967410760618336,563497,1104289498
Allen VBN,MM-RVD,MM_RVD_A9_SELECTED_R6,B5,0.9903585449432469,563497,1104289498
Allen VBN,MM-RVD,MM_RVD_A9_SELECTED_R6,J30-5,0.9965247347099213,563497,1104289498
Allen VBN,MM-RVD,MM_RVD_A9_SELECTED_R6,Five-Missing Mean,0.995928509381321,563497,1104289498
Allen VBN,MM-RVD,MM_RVD_A9_SELECTED_R6,Five-Missing Worst,0.9903585449432469,563497,1104289498
Allen VBN,SVD,SVD64_LOGREG,CLEAN,0.9163160233441282,563497,1104289498
Allen VBN,SVD,SVD64_LOGREG,U30,0.9049295106711313,563497,1104289498
Allen VBN,SVD,SVD64_LOGREG,SW-U30,0.9098371071121722,563497,1104289498
Allen VBN,SVD,SVD64_LOGREG,T5,0.8857876344144594,563497,1104289498
Allen VBN,SVD,SVD64_LOGREG,B5,0.8993785987683646,563497,1104289498
Allen VBN,SVD,SVD64_LOGREG,J30-5,0.875029167674938,563497,1104289498
Allen VBN,SVD,SVD64_LOGREG,Five-Missing Mean,0.8949924037282131,563497,1104289498
Allen VBN,SVD,SVD64_LOGREG,Five-Missing Worst,0.875029167674938,563497,1104289498
Allen VBN,SVM,MEAN_RATE_LINEAR_SVM,CLEAN,0.990946077405544,563497,1104289498
Allen VBN,SVM,MEAN_RATE_LINEAR_SVM,U30,0.9812095767335001,563497,1104289498
Allen VBN,SVM,MEAN_RATE_LINEAR_SVM,SW-U30,0.9801431970943293,563497,1104289498
Allen VBN,SVM,MEAN_RATE_LINEAR_SVM,T5,0.9758992839621262,563497,1104289498
Allen VBN,SVM,MEAN_RATE_LINEAR_SVM,B5,0.9824265664704637,563497,1104289498
Allen VBN,SVM,MEAN_RATE_LINEAR_SVM,J30-5,0.9582540480634417,563497,1104289498
Allen VBN,SVM,MEAN_RATE_LINEAR_SVM,Five-Missing Mean,0.9755865344647721,563497,1104289498
Allen VBN,SVM,MEAN_RATE_LINEAR_SVM,Five-Missing Worst,0.9582540480634417,563497,1104289498
Allen VBN,TCN,TCN_LIGHTWEIGHT,CLEAN,0.983236968469033,563497,1104289498
Allen VBN,TCN,TCN_LIGHTWEIGHT,U30,0.8864808584248595,563497,1104289498
Allen VBN,TCN,TCN_LIGHTWEIGHT,SW-U30,0.8841770373516118,563497,1104289498
Allen VBN,TCN,TCN_LIGHTWEIGHT,T5,0.9469424187398632,563497,1104289498
Allen VBN,TCN,TCN_LIGHTWEIGHT,B5,0.9529977186717611,563497,1104289498
Allen VBN,TCN,TCN_LIGHTWEIGHT,J30-5,0.8276526148243605,563497,1104289498
Allen VBN,TCN,TCN_LIGHTWEIGHT,Five-Missing Mean,0.8996501296024911,563497,1104289498
Allen VBN,TCN,TCN_LIGHTWEIGHT,Five-Missing Worst,0.8275325955096685,563497,1104289498
Allen VBN,Transformer,TINY_TRANSFORMER_LIGHTWEIGHT_POSITION_AWARE,CLEAN,0.9980525392657107,563497,1104289498
Allen VBN,Transformer,TINY_TRANSFORMER_LIGHTWEIGHT_POSITION_AWARE,U30,0.991676999325166,563497,1104289498
Allen VBN,Transformer,TINY_TRANSFORMER_LIGHTWEIGHT_POSITION_AWARE,SW-U30,0.991177958052857,563497,1104289498
Allen VBN,Transformer,TINY_TRANSFORMER_LIGHTWEIGHT_POSITION_AWARE,T5,0.9632154311993146,563497,1104289498
Allen VBN,Transformer,TINY_TRANSFORMER_LIGHTWEIGHT_POSITION_AWARE,B5,0.984964529755794,563497,1104289498
Allen VBN,Transformer,TINY_TRANSFORMER_LIGHTWEIGHT_POSITION_AWARE,J30-5,0.9277307384739707,563497,1104289498
Allen VBN,Transformer,TINY_TRANSFORMER_LIGHTWEIGHT_POSITION_AWARE,Five-Missing Mean,0.9717531313614204,563497,1104289498
Allen VBN,Transformer,TINY_TRANSFORMER_LIGHTWEIGHT_POSITION_AWARE,Five-Missing Worst,0.9277307384739707,563497,1104289498
Allen VBN,CEBRA,CEBRA_FLAT_LOGREG,CLEAN,0.999204265553493,567286,1105798776
Allen VBN,CEBRA,CEBRA_FLAT_LOGREG,U30,0.9963853445326387,567286,1105798776
Allen VBN,CEBRA,CEBRA_FLAT_LOGREG,SW-U30,0.9954554219789195,567286,1105798776
Allen VBN,CEBRA,CEBRA_FLAT_LOGREG,T5,0.9925079617272022,567286,1105798776
Allen VBN,CEBRA,CEBRA_FLAT_LOGREG,B5,0.9961554852967348,567286,1105798776
Allen VBN,CEBRA,CEBRA_FLAT_LOGREG,J30-5,0.943563228028054,567286,1105798776
Allen VBN,CEBRA,CEBRA_FLAT_LOGREG,Five-Missing Mean,0.9848134883127099,567286,1105798776
Allen VBN,CEBRA,CEBRA_FLAT_LOGREG,Five-Missing Worst,0.943563228028054,567286,1105798776
Allen VBN,GRU-D,GRU_LIGHTWEIGHT,CLEAN,0.9480329573530122,567286,1105798776
Allen VBN,GRU-D,GRU_LIGHTWEIGHT,U30,0.06269632720043201,567286,1105798776
Allen VBN,GRU-D,GRU_LIGHTWEIGHT,SW-U30,0.023015119990288123,567286,1105798776
Allen VBN,GRU-D,GRU_LIGHTWEIGHT,T5,0.16876384486171364,567286,1105798776
Allen VBN,GRU-D,GRU_LIGHTWEIGHT,B5,0.13231119578461598,567286,1105798776
Allen VBN,GRU-D,GRU_LIGHTWEIGHT,J30-5,0.030030725792981734,567286,1105798776
Allen VBN,GRU-D,GRU_LIGHTWEIGHT,Five-Missing Mean,0.08336344272600629,567286,1105798776
Allen VBN,GRU-D,GRU_LIGHTWEIGHT,Five-Missing Worst,0.015298046443065979,567286,1105798776
Allen VBN,MM-RVD,MM_RVD_A9_SELECTED_R6,CLEAN,0.998834839707908,567286,1105798776
Allen VBN,MM-RVD,MM_RVD_A9_SELECTED_R6,U30,0.9985473980734042,567286,1105798776
Allen VBN,MM-RVD,MM_RVD_A9_SELECTED_R6,SW-U30,0.9988002425740363,567286,1105798776
Allen VBN,MM-RVD,MM_RVD_A9_SELECTED_R6,T5,0.9988002425740363,567286,1105798776
Allen VBN,MM-RVD,MM_RVD_A9_SELECTED_R6,B5,0.9914331245177144,567286,1105798776
Allen VBN,MM-RVD,MM_RVD_A9_SELECTED_R6,J30-5,0.998352571257627,567286,1105798776
Allen VBN,MM-RVD,MM_RVD_A9_SELECTED_R6,Five-Missing Mean,0.9971867157993636,567286,1105798776
Allen VBN,MM-RVD,MM_RVD_A9_SELECTED_R6,Five-Missing Worst,0.9914331245177144,567286,1105798776
Allen VBN,SVD,SVD64_LOGREG,CLEAN,0.9738970022868931,567286,1105798776
Allen VBN,SVD,SVD64_LOGREG,U30,0.9656603515172035,567286,1105798776
Allen VBN,SVD,SVD64_LOGREG,SW-U30,0.9689278631306796,567286,1105798776
Allen VBN,SVD,SVD64_LOGREG,T5,0.9554475185438536,567286,1105798776
Allen VBN,SVD,SVD64_LOGREG,B5,0.9648176728397211,567286,1105798776
Allen VBN,SVD,SVD64_LOGREG,J30-5,0.9400659460794654,567286,1105798776
Allen VBN,SVD,SVD64_LOGREG,Five-Missing Mean,0.9589838704221847,567286,1105798776
Allen VBN,SVD,SVD64_LOGREG,Five-Missing Worst,0.9400659460794654,567286,1105798776
Allen VBN,SVM,MEAN_RATE_LINEAR_SVM,CLEAN,0.9962616448850872,567286,1105798776
Allen VBN,SVM,MEAN_RATE_LINEAR_SVM,U30,0.9916677872064688,567286,1105798776
Allen VBN,SVM,MEAN_RATE_LINEAR_SVM,SW-U30,0.990126291577593,567286,1105798776
Allen VBN,SVM,MEAN_RATE_LINEAR_SVM,T5,0.9899984148050931,567286,1105798776
Allen VBN,SVM,MEAN_RATE_LINEAR_SVM,B5,0.9939153866509285,567286,1105798776
Allen VBN,SVM,MEAN_RATE_LINEAR_SVM,J30-5,0.9769249159310951,567286,1105798776
Allen VBN,SVM,MEAN_RATE_LINEAR_SVM,Five-Missing Mean,0.9885265592342356,567286,1105798776
Allen VBN,SVM,MEAN_RATE_LINEAR_SVM,Five-Missing Worst,0.9769249159310951,567286,1105798776
Allen VBN,TCN,TCN_LIGHTWEIGHT,CLEAN,0.9867791436894799,567286,1105798776
Allen VBN,TCN,TCN_LIGHTWEIGHT,U30,0.8561723478221598,567286,1105798776
Allen VBN,TCN,TCN_LIGHTWEIGHT,SW-U30,0.8628869330206962,567286,1105798776
Allen VBN,TCN,TCN_LIGHTWEIGHT,T5,0.953978694978875,567286,1105798776
Allen VBN,TCN,TCN_LIGHTWEIGHT,B5,0.9570767417218793,567286,1105798776
Allen VBN,TCN,TCN_LIGHTWEIGHT,J30-5,0.8081930507518417,567286,1105798776
Allen VBN,TCN,TCN_LIGHTWEIGHT,Five-Missing Mean,0.8876615536590904,567286,1105798776
Allen VBN,TCN,TCN_LIGHTWEIGHT,Five-Missing Worst,0.7914141812168454,567286,1105798776
Allen VBN,Transformer,TINY_TRANSFORMER_LIGHTWEIGHT_POSITION_AWARE,CLEAN,0.9989822759896443,567286,1105798776
Allen VBN,Transformer,TINY_TRANSFORMER_LIGHTWEIGHT_POSITION_AWARE,U30,0.992545944621083,567286,1105798776
Allen VBN,Transformer,TINY_TRANSFORMER_LIGHTWEIGHT_POSITION_AWARE,SW-U30,0.9925194720438515,567286,1105798776
Allen VBN,Transformer,TINY_TRANSFORMER_LIGHTWEIGHT_POSITION_AWARE,T5,0.9729661683911542,567286,1105798776
Allen VBN,Transformer,TINY_TRANSFORMER_LIGHTWEIGHT_POSITION_AWARE,B5,0.9951913082419729,567286,1105798776
Allen VBN,Transformer,TINY_TRANSFORMER_LIGHTWEIGHT_POSITION_AWARE,J30-5,0.9158471677062436,567286,1105798776
Allen VBN,Transformer,TINY_TRANSFORMER_LIGHTWEIGHT_POSITION_AWARE,Five-Missing Mean,0.9738140122008611,567286,1105798776
Allen VBN,Transformer,TINY_TRANSFORMER_LIGHTWEIGHT_POSITION_AWARE,Five-Missing Worst,0.9158471677062436,567286,1105798776
Allen VBN,CEBRA,CEBRA_FLAT_LOGREG,CLEAN,0.9946448432983935,570301,1108531612
Allen VBN,CEBRA,CEBRA_FLAT_LOGREG,U30,0.9886084269456543,570301,1108531612
Allen VBN,CEBRA,CEBRA_FLAT_LOGREG,SW-U30,0.9887887090263282,570301,1108531612
Allen VBN,CEBRA,CEBRA_FLAT_LOGREG,T5,0.9791060536418573,570301,1108531612
Allen VBN,CEBRA,CEBRA_FLAT_LOGREG,B5,0.9875891797452081,570301,1108531612
Allen VBN,CEBRA,CEBRA_FLAT_LOGREG,J30-5,0.9329227258878976,570301,1108531612
Allen VBN,CEBRA,CEBRA_FLAT_LOGREG,Five-Missing Mean,0.9754030190493891,570301,1108531612
Allen VBN,CEBRA,CEBRA_FLAT_LOGREG,Five-Missing Worst,0.9329227258878976,570301,1108531612
Allen VBN,GRU-D,GRU_LIGHTWEIGHT,CLEAN,0.3435319549153571,570301,1108531612
Allen VBN,GRU-D,GRU_LIGHTWEIGHT,U30,0.01712271639657722,570301,1108531612
Allen VBN,GRU-D,GRU_LIGHTWEIGHT,SW-U30,0.03168891768257161,570301,1108531612
Allen VBN,GRU-D,GRU_LIGHTWEIGHT,T5,0.054138317259652256,570301,1108531612
Allen VBN,GRU-D,GRU_LIGHTWEIGHT,B5,0.04065344538047757,570301,1108531612
Allen VBN,GRU-D,GRU_LIGHTWEIGHT,J30-5,0.016297410381128034,570301,1108531612
Allen VBN,GRU-D,GRU_LIGHTWEIGHT,Five-Missing Mean,0.03198016142008133,570301,1108531612
Allen VBN,GRU-D,GRU_LIGHTWEIGHT,Five-Missing Worst,0.009892326121311204,570301,1108531612
Allen VBN,MM-RVD,MM_RVD_A9_SELECTED_R6,CLEAN,0.9973451178808322,570301,1108531612
Allen VBN,MM-RVD,MM_RVD_A9_SELECTED_R6,U30,0.995630323226445,570301,1108531612
Allen VBN,MM-RVD,MM_RVD_A9_SELECTED_R6,SW-U30,0.995246072217647,570301,1108531612
Allen VBN,MM-RVD,MM_RVD_A9_SELECTED_R6,T5,0.9944137269418214,570301,1108531612
Allen VBN,MM-RVD,MM_RVD_A9_SELECTED_R6,B5,0.9784703397979004,570301,1108531612
Allen VBN,MM-RVD,MM_RVD_A9_SELECTED_R6,J30-5,0.9906297436546767,570301,1108531612
Allen VBN,MM-RVD,MM_RVD_A9_SELECTED_R6,Five-Missing Mean,0.9908780411676981,570301,1108531612
Allen VBN,MM-RVD,MM_RVD_A9_SELECTED_R6,Five-Missing Worst,0.9784703397979004,570301,1108531612
Allen VBN,SVD,SVD64_LOGREG,CLEAN,0.8854452919079185,570301,1108531612
Allen VBN,SVD,SVD64_LOGREG,U30,0.862966311370907,570301,1108531612
Allen VBN,SVD,SVD64_LOGREG,SW-U30,0.8721355331762142,570301,1108531612
Allen VBN,SVD,SVD64_LOGREG,T5,0.8379363713811987,570301,1108531612
Allen VBN,SVD,SVD64_LOGREG,B5,0.8577206899917384,570301,1108531612
Allen VBN,SVD,SVD64_LOGREG,J30-5,0.8147592060929569,570301,1108531612
Allen VBN,SVD,SVD64_LOGREG,Five-Missing Mean,0.8491036224026031,570301,1108531612
Allen VBN,SVD,SVD64_LOGREG,Five-Missing Worst,0.8147592060929569,570301,1108531612
Allen VBN,SVM,MEAN_RATE_LINEAR_SVM,CLEAN,0.9725358182470059,570301,1108531612
Allen VBN,SVM,MEAN_RATE_LINEAR_SVM,U30,0.9522874148075242,570301,1108531612
Allen VBN,SVM,MEAN_RATE_LINEAR_SVM,SW-U30,0.9556681592096169,570301,1108531612
Allen VBN,SVM,MEAN_RATE_LINEAR_SVM,T5,0.9511230821619499,570301,1108531612
Allen VBN,SVM,MEAN_RATE_LINEAR_SVM,B5,0.9619844867048306,570301,1108531612
Allen VBN,SVM,MEAN_RATE_LINEAR_SVM,J30-5,0.9160982531914474,570301,1108531612
Allen VBN,SVM,MEAN_RATE_LINEAR_SVM,Five-Missing Mean,0.9474322792150738,570301,1108531612
Allen VBN,SVM,MEAN_RATE_LINEAR_SVM,Five-Missing Worst,0.9160982531914474,570301,1108531612
Allen VBN,TCN,TCN_LIGHTWEIGHT,CLEAN,0.8604920528969118,570301,1108531612
Allen VBN,TCN,TCN_LIGHTWEIGHT,U30,0.618244104634853,570301,1108531612
Allen VBN,TCN,TCN_LIGHTWEIGHT,SW-U30,0.6505978472602828,570301,1108531612
Allen VBN,TCN,TCN_LIGHTWEIGHT,T5,0.7370701121635871,570301,1108531612
Allen VBN,TCN,TCN_LIGHTWEIGHT,B5,0.7597924572578273,570301,1108531612
Allen VBN,TCN,TCN_LIGHTWEIGHT,J30-5,0.5088416486630262,570301,1108531612
Allen VBN,TCN,TCN_LIGHTWEIGHT,Five-Missing Mean,0.6549092339959153,570301,1108531612
Allen VBN,TCN,TCN_LIGHTWEIGHT,Five-Missing Worst,0.5044928683313679,570301,1108531612
Allen VBN,Transformer,TINY_TRANSFORMER_LIGHTWEIGHT_POSITION_AWARE,CLEAN,0.994176845883381,570301,1108531612
Allen VBN,Transformer,TINY_TRANSFORMER_LIGHTWEIGHT_POSITION_AWARE,U30,0.97976000341664,570301,1108531612
Allen VBN,Transformer,TINY_TRANSFORMER_LIGHTWEIGHT_POSITION_AWARE,SW-U30,0.9852782305425976,570301,1108531612
Allen VBN,Transformer,TINY_TRANSFORMER_LIGHTWEIGHT_POSITION_AWARE,T5,0.9006096527835536,570301,1108531612
Allen VBN,Transformer,TINY_TRANSFORMER_LIGHTWEIGHT_POSITION_AWARE,B5,0.9568598234528469,570301,1108531612
Allen VBN,Transformer,TINY_TRANSFORMER_LIGHTWEIGHT_POSITION_AWARE,J30-5,0.8470812166234774,570301,1108531612
Allen VBN,Transformer,TINY_TRANSFORMER_LIGHTWEIGHT_POSITION_AWARE,Five-Missing Mean,0.9339177853638232,570301,1108531612
Allen VBN,Transformer,TINY_TRANSFORMER_LIGHTWEIGHT_POSITION_AWARE,Five-Missing Worst,0.8470812166234774,570301,1108531612
CRCNS pvc-11,CEBRA,CEBRA_FLAT_LOGREG,CLEAN,0.9864285714285714,monkey1,data_monkey1_gratings
CRCNS pvc-11,CEBRA,CEBRA_FLAT_LOGREG,U30,0.9575714285714285,monkey1,data_monkey1_gratings
CRCNS pvc-11,CEBRA,CEBRA_FLAT_LOGREG,SW-U30,0.9575714285714285,monkey1,data_monkey1_gratings
CRCNS pvc-11,CEBRA,CEBRA_FLAT_LOGREG,T5,0.9631428571428572,monkey1,data_monkey1_gratings
CRCNS pvc-11,CEBRA,CEBRA_FLAT_LOGREG,B5,0.9857142857142858,monkey1,data_monkey1_gratings
CRCNS pvc-11,CEBRA,CEBRA_FLAT_LOGREG,J30-5,0.8528571428571429,monkey1,data_monkey1_gratings
CRCNS pvc-11,CEBRA,CEBRA_FLAT_LOGREG,Five-Missing Mean,0.9433714285714286,monkey1,data_monkey1_gratings
CRCNS pvc-11,CEBRA,CEBRA_FLAT_LOGREG,Five-Missing Worst,0.8528571428571429,monkey1,data_monkey1_gratings
CRCNS pvc-11,GRU-D,GRU_LIGHTWEIGHT,CLEAN,0.9421428571428571,monkey1,data_monkey1_gratings
CRCNS pvc-11,GRU-D,GRU_LIGHTWEIGHT,U30,0.011999999999999985,monkey1,data_monkey1_gratings
CRCNS pvc-11,GRU-D,GRU_LIGHTWEIGHT,SW-U30,0.011999999999999985,monkey1,data_monkey1_gratings
CRCNS pvc-11,GRU-D,GRU_LIGHTWEIGHT,T5,0.24042857142857138,monkey1,data_monkey1_gratings
CRCNS pvc-11,GRU-D,GRU_LIGHTWEIGHT,B5,0.14071428571428568,monkey1,data_monkey1_gratings
CRCNS pvc-11,GRU-D,GRU_LIGHTWEIGHT,J30-5,0.016714285714285692,monkey1,data_monkey1_gratings
CRCNS pvc-11,GRU-D,GRU_LIGHTWEIGHT,Five-Missing Mean,0.08437142857142854,monkey1,data_monkey1_gratings
CRCNS pvc-11,GRU-D,GRU_LIGHTWEIGHT,Five-Missing Worst,0.007142857142857131,monkey1,data_monkey1_gratings
CRCNS pvc-11,MM-RVD,MM_RVD_A9_SELECTED_R6,CLEAN,0.9785714285714284,monkey1,data_monkey1_gratings
CRCNS pvc-11,MM-RVD,MM_RVD_A9_SELECTED_R6,U30,0.9528571428571426,monkey1,data_monkey1_gratings
CRCNS pvc-11,MM-RVD,MM_RVD_A9_SELECTED_R6,SW-U30,0.9528571428571426,monkey1,data_monkey1_gratings
CRCNS pvc-11,MM-RVD,MM_RVD_A9_SELECTED_R6,T5,0.9457142857142855,monkey1,data_monkey1_gratings
CRCNS pvc-11,MM-RVD,MM_RVD_A9_SELECTED_R6,B5,0.9285714285714286,monkey1,data_monkey1_gratings
CRCNS pvc-11,MM-RVD,MM_RVD_A9_SELECTED_R6,J30-5,0.9285714285714285,monkey1,data_monkey1_gratings
CRCNS pvc-11,MM-RVD,MM_RVD_A9_SELECTED_R6,Five-Missing Mean,0.9417142857142856,monkey1,data_monkey1_gratings
CRCNS pvc-11,MM-RVD,MM_RVD_A9_SELECTED_R6,Five-Missing Worst,0.9285714285714285,monkey1,data_monkey1_gratings
CRCNS pvc-11,SVD,SVD64_LOGREG,CLEAN,0.9339285714285714,monkey1,data_monkey1_gratings
CRCNS pvc-11,SVD,SVD64_LOGREG,U30,0.9078571428571429,monkey1,data_monkey1_gratings
CRCNS pvc-11,SVD,SVD64_LOGREG,SW-U30,0.9078571428571429,monkey1,data_monkey1_gratings
CRCNS pvc-11,SVD,SVD64_LOGREG,T5,0.9132142857142858,monkey1,data_monkey1_gratings
CRCNS pvc-11,SVD,SVD64_LOGREG,B5,0.9339285714285714,monkey1,data_monkey1_gratings
CRCNS pvc-11,SVD,SVD64_LOGREG,J30-5,0.8442857142857143,monkey1,data_monkey1_gratings
CRCNS pvc-11,SVD,SVD64_LOGREG,Five-Missing Mean,0.9014285714285715,monkey1,data_monkey1_gratings
CRCNS pvc-11,SVD,SVD64_LOGREG,Five-Missing Worst,0.8442857142857143,monkey1,data_monkey1_gratings
CRCNS pvc-11,SVM,MEAN_RATE_LINEAR_SVM,CLEAN,0.7464285714285714,monkey1,data_monkey1_gratings
CRCNS pvc-11,SVM,MEAN_RATE_LINEAR_SVM,U30,0.6321428571428571,monkey1,data_monkey1_gratings
CRCNS pvc-11,SVM,MEAN_RATE_LINEAR_SVM,SW-U30,0.6321428571428571,monkey1,data_monkey1_gratings
CRCNS pvc-11,SVM,MEAN_RATE_LINEAR_SVM,T5,0.6910714285714286,monkey1,data_monkey1_gratings
CRCNS pvc-11,SVM,MEAN_RATE_LINEAR_SVM,B5,0.7446428571428572,monkey1,data_monkey1_gratings
CRCNS pvc-11,SVM,MEAN_RATE_LINEAR_SVM,J30-5,0.5642857142857143,monkey1,data_monkey1_gratings
CRCNS pvc-11,SVM,MEAN_RATE_LINEAR_SVM,Five-Missing Mean,0.6528571428571428,monkey1,data_monkey1_gratings
CRCNS pvc-11,SVM,MEAN_RATE_LINEAR_SVM,Five-Missing Worst,0.5642857142857143,monkey1,data_monkey1_gratings
CRCNS pvc-11,TCN,TCN_LIGHTWEIGHT,CLEAN,0.8257142857142856,monkey1,data_monkey1_gratings
CRCNS pvc-11,TCN,TCN_LIGHTWEIGHT,U30,0.6171428571428571,monkey1,data_monkey1_gratings
CRCNS pvc-11,TCN,TCN_LIGHTWEIGHT,SW-U30,0.6171428571428571,monkey1,data_monkey1_gratings
CRCNS pvc-11,TCN,TCN_LIGHTWEIGHT,T5,0.8029999999999999,monkey1,data_monkey1_gratings
CRCNS pvc-11,TCN,TCN_LIGHTWEIGHT,B5,0.8300000000000001,monkey1,data_monkey1_gratings
CRCNS pvc-11,TCN,TCN_LIGHTWEIGHT,J30-5,0.5938571428571429,monkey1,data_monkey1_gratings
CRCNS pvc-11,TCN,TCN_LIGHTWEIGHT,Five-Missing Mean,0.6922285714285714,monkey1,data_monkey1_gratings
CRCNS pvc-11,TCN,TCN_LIGHTWEIGHT,Five-Missing Worst,0.5938571428571429,monkey1,data_monkey1_gratings
CRCNS pvc-11,Transformer,TINY_TRANSFORMER_LIGHTWEIGHT_POSITION_AWARE,CLEAN,0.9221428571428572,monkey1,data_monkey1_gratings
CRCNS pvc-11,Transformer,TINY_TRANSFORMER_LIGHTWEIGHT_POSITION_AWARE,U30,0.7004285714285714,monkey1,data_monkey1_gratings
CRCNS pvc-11,Transformer,TINY_TRANSFORMER_LIGHTWEIGHT_POSITION_AWARE,SW-U30,0.7004285714285714,monkey1,data_monkey1_gratings
CRCNS pvc-11,Transformer,TINY_TRANSFORMER_LIGHTWEIGHT_POSITION_AWARE,T5,0.8134285714285714,monkey1,data_monkey1_gratings
CRCNS pvc-11,Transformer,TINY_TRANSFORMER_LIGHTWEIGHT_POSITION_AWARE,B5,0.9200000000000002,monkey1,data_monkey1_gratings
CRCNS pvc-11,Transformer,TINY_TRANSFORMER_LIGHTWEIGHT_POSITION_AWARE,J30-5,0.5575714285714286,monkey1,data_monkey1_gratings
CRCNS pvc-11,Transformer,TINY_TRANSFORMER_LIGHTWEIGHT_POSITION_AWARE,Five-Missing Mean,0.7383714285714286,monkey1,data_monkey1_gratings
CRCNS pvc-11,Transformer,TINY_TRANSFORMER_LIGHTWEIGHT_POSITION_AWARE,Five-Missing Worst,0.5575714285714286,monkey1,data_monkey1_gratings
CRCNS pvc-11,CEBRA,CEBRA_FLAT_LOGREG,CLEAN,0.9914285714285713,monkey2,data_monkey2_gratings
CRCNS pvc-11,CEBRA,CEBRA_FLAT_LOGREG,U30,0.9504285714285714,monkey2,data_monkey2_gratings
CRCNS pvc-11,CEBRA,CEBRA_FLAT_LOGREG,SW-U30,0.9504285714285714,monkey2,data_monkey2_gratings
CRCNS pvc-11,CEBRA,CEBRA_FLAT_LOGREG,T5,0.9847142857142858,monkey2,data_monkey2_gratings
CRCNS pvc-11,CEBRA,CEBRA_FLAT_LOGREG,B5,0.9828571428571429,monkey2,data_monkey2_gratings
CRCNS pvc-11,CEBRA,CEBRA_FLAT_LOGREG,J30-5,0.8937142857142858,monkey2,data_monkey2_gratings
CRCNS pvc-11,CEBRA,CEBRA_FLAT_LOGREG,Five-Missing Mean,0.9524285714285714,monkey2,data_monkey2_gratings
CRCNS pvc-11,CEBRA,CEBRA_FLAT_LOGREG,Five-Missing Worst,0.8937142857142858,monkey2,data_monkey2_gratings
CRCNS pvc-11,GRU-D,GRU_LIGHTWEIGHT,CLEAN,0.9692857142857143,monkey2,data_monkey2_gratings
CRCNS pvc-11,GRU-D,GRU_LIGHTWEIGHT,U30,0.010714285714285707,monkey2,data_monkey2_gratings
CRCNS pvc-11,GRU-D,GRU_LIGHTWEIGHT,SW-U30,0.010714285714285707,monkey2,data_monkey2_gratings
CRCNS pvc-11,GRU-D,GRU_LIGHTWEIGHT,T5,0.1121428571428571,monkey2,data_monkey2_gratings
CRCNS pvc-11,GRU-D,GRU_LIGHTWEIGHT,B5,0.08928571428571425,monkey2,data_monkey2_gratings
CRCNS pvc-11,GRU-D,GRU_LIGHTWEIGHT,J30-5,0.009285714285714272,monkey2,data_monkey2_gratings
CRCNS pvc-11,GRU-D,GRU_LIGHTWEIGHT,Five-Missing Mean,0.04642857142857141,monkey2,data_monkey2_gratings
CRCNS pvc-11,GRU-D,GRU_LIGHTWEIGHT,Five-Missing Worst,0.002999999999999996,monkey2,data_monkey2_gratings
CRCNS pvc-11,MM-RVD,MM_RVD_A9_SELECTED_R6,CLEAN,0.9964285714285712,monkey2,data_monkey2_gratings
CRCNS pvc-11,MM-RVD,MM_RVD_A9_SELECTED_R6,U30,0.9764285714285714,monkey2,data_monkey2_gratings
CRCNS pvc-11,MM-RVD,MM_RVD_A9_SELECTED_R6,SW-U30,0.9764285714285714,monkey2,data_monkey2_gratings
CRCNS pvc-11,MM-RVD,MM_RVD_A9_SELECTED_R6,T5,0.9864285714285714,monkey2,data_monkey2_gratings
CRCNS pvc-11,MM-RVD,MM_RVD_A9_SELECTED_R6,B5,0.9821428571428573,monkey2,data_monkey2_gratings
CRCNS pvc-11,MM-RVD,MM_RVD_A9_SELECTED_R6,J30-5,0.9628571428571429,monkey2,data_monkey2_gratings
CRCNS pvc-11,MM-RVD,MM_RVD_A9_SELECTED_R6,Five-Missing Mean,0.9768571428571429,monkey2,data_monkey2_gratings
CRCNS pvc-11,MM-RVD,MM_RVD_A9_SELECTED_R6,Five-Missing Worst,0.9628571428571429,monkey2,data_monkey2_gratings
CRCNS pvc-11,SVD,SVD64_LOGREG,CLEAN,0.9732142857142857,monkey2,data_monkey2_gratings
CRCNS pvc-11,SVD,SVD64_LOGREG,U30,0.9514285714285713,monkey2,data_monkey2_gratings
CRCNS pvc-11,SVD,SVD64_LOGREG,SW-U30,0.9514285714285713,monkey2,data_monkey2_gratings
CRCNS pvc-11,SVD,SVD64_LOGREG,T5,0.9682142857142857,monkey2,data_monkey2_gratings
CRCNS pvc-11,SVD,SVD64_LOGREG,B5,0.9660714285714286,monkey2,data_monkey2_gratings
CRCNS pvc-11,SVD,SVD64_LOGREG,J30-5,0.9235714285714286,monkey2,data_monkey2_gratings
CRCNS pvc-11,SVD,SVD64_LOGREG,Five-Missing Mean,0.9521428571428572,monkey2,data_monkey2_gratings
CRCNS pvc-11,SVD,SVD64_LOGREG,Five-Missing Worst,0.9235714285714286,monkey2,data_monkey2_gratings
CRCNS pvc-11,SVM,MEAN_RATE_LINEAR_SVM,CLEAN,0.8571428571428571,monkey2,data_monkey2_gratings
CRCNS pvc-11,SVM,MEAN_RATE_LINEAR_SVM,U30,0.6860714285714286,monkey2,data_monkey2_gratings
CRCNS pvc-11,SVM,MEAN_RATE_LINEAR_SVM,SW-U30,0.6860714285714286,monkey2,data_monkey2_gratings
CRCNS pvc-11,SVM,MEAN_RATE_LINEAR_SVM,T5,0.8235714285714286,monkey2,data_monkey2_gratings
CRCNS pvc-11,SVM,MEAN_RATE_LINEAR_SVM,B5,0.8339285714285714,monkey2,data_monkey2_gratings
CRCNS pvc-11,SVM,MEAN_RATE_LINEAR_SVM,J30-5,0.6264285714285714,monkey2,data_monkey2_gratings
CRCNS pvc-11,SVM,MEAN_RATE_LINEAR_SVM,Five-Missing Mean,0.7312142857142857,monkey2,data_monkey2_gratings
CRCNS pvc-11,SVM,MEAN_RATE_LINEAR_SVM,Five-Missing Worst,0.6264285714285714,monkey2,data_monkey2_gratings
CRCNS pvc-11,TCN,TCN_LIGHTWEIGHT,CLEAN,0.8885714285714286,monkey2,data_monkey2_gratings
CRCNS pvc-11,TCN,TCN_LIGHTWEIGHT,U30,0.5608571428571428,monkey2,data_monkey2_gratings
CRCNS pvc-11,TCN,TCN_LIGHTWEIGHT,SW-U30,0.5608571428571428,monkey2,data_monkey2_gratings
CRCNS pvc-11,TCN,TCN_LIGHTWEIGHT,T5,0.8671428571428571,monkey2,data_monkey2_gratings
CRCNS pvc-11,TCN,TCN_LIGHTWEIGHT,B5,0.8692857142857143,monkey2,data_monkey2_gratings
CRCNS pvc-11,TCN,TCN_LIGHTWEIGHT,J30-5,0.5397142857142857,monkey2,data_monkey2_gratings
CRCNS pvc-11,TCN,TCN_LIGHTWEIGHT,Five-Missing Mean,0.6795714285714286,monkey2,data_monkey2_gratings
CRCNS pvc-11,TCN,TCN_LIGHTWEIGHT,Five-Missing Worst,0.5397142857142857,monkey2,data_monkey2_gratings
CRCNS pvc-11,Transformer,TINY_TRANSFORMER_LIGHTWEIGHT_POSITION_AWARE,CLEAN,0.947857142857143,monkey2,data_monkey2_gratings
CRCNS pvc-11,Transformer,TINY_TRANSFORMER_LIGHTWEIGHT_POSITION_AWARE,U30,0.587,monkey2,data_monkey2_gratings
CRCNS pvc-11,Transformer,TINY_TRANSFORMER_LIGHTWEIGHT_POSITION_AWARE,SW-U30,0.587,monkey2,data_monkey2_gratings
CRCNS pvc-11,Transformer,TINY_TRANSFORMER_LIGHTWEIGHT_POSITION_AWARE,T5,0.8672857142857143,monkey2,data_monkey2_gratings
CRCNS pvc-11,Transformer,TINY_TRANSFORMER_LIGHTWEIGHT_POSITION_AWARE,B5,0.9121428571428571,monkey2,data_monkey2_gratings
CRCNS pvc-11,Transformer,TINY_TRANSFORMER_LIGHTWEIGHT_POSITION_AWARE,J30-5,0.507,monkey2,data_monkey2_gratings
CRCNS pvc-11,Transformer,TINY_TRANSFORMER_LIGHTWEIGHT_POSITION_AWARE,Five-Missing Mean,0.6920857142857143,monkey2,data_monkey2_gratings
CRCNS pvc-11,Transformer,TINY_TRANSFORMER_LIGHTWEIGHT_POSITION_AWARE,Five-Missing Worst,0.507,monkey2,data_monkey2_gratings
CRCNS pvc-11,CEBRA,CEBRA_FLAT_LOGREG,CLEAN,0.9949999999999999,monkey3,data_monkey3_gratings
CRCNS pvc-11,CEBRA,CEBRA_FLAT_LOGREG,U30,0.9899999999999999,monkey3,data_monkey3_gratings
CRCNS pvc-11,CEBRA,CEBRA_FLAT_LOGREG,SW-U30,0.9899999999999999,monkey3,data_monkey3_gratings
CRCNS pvc-11,CEBRA,CEBRA_FLAT_LOGREG,T5,0.9952857142857143,monkey3,data_monkey3_gratings
CRCNS pvc-11,CEBRA,CEBRA_FLAT_LOGREG,B5,0.997142857142857,monkey3,data_monkey3_gratings
CRCNS pvc-11,CEBRA,CEBRA_FLAT_LOGREG,J30-5,0.9717142857142858,monkey3,data_monkey3_gratings
CRCNS pvc-11,CEBRA,CEBRA_FLAT_LOGREG,Five-Missing Mean,0.9888285714285715,monkey3,data_monkey3_gratings
CRCNS pvc-11,CEBRA,CEBRA_FLAT_LOGREG,Five-Missing Worst,0.9717142857142858,monkey3,data_monkey3_gratings
CRCNS pvc-11,GRU-D,GRU_LIGHTWEIGHT,CLEAN,0.9400000000000001,monkey3,data_monkey3_gratings
CRCNS pvc-11,GRU-D,GRU_LIGHTWEIGHT,U30,0.017142857142857133,monkey3,data_monkey3_gratings
CRCNS pvc-11,GRU-D,GRU_LIGHTWEIGHT,SW-U30,0.017142857142857133,monkey3,data_monkey3_gratings
CRCNS pvc-11,GRU-D,GRU_LIGHTWEIGHT,T5,0.18699999999999997,monkey3,data_monkey3_gratings
CRCNS pvc-11,GRU-D,GRU_LIGHTWEIGHT,B5,0.15499999999999997,monkey3,data_monkey3_gratings
CRCNS pvc-11,GRU-D,GRU_LIGHTWEIGHT,J30-5,0.0051428571428571365,monkey3,data_monkey3_gratings
CRCNS pvc-11,GRU-D,GRU_LIGHTWEIGHT,Five-Missing Mean,0.07628571428571426,monkey3,data_monkey3_gratings
CRCNS pvc-11,GRU-D,GRU_LIGHTWEIGHT,Five-Missing Worst,0.0051428571428571365,monkey3,data_monkey3_gratings
CRCNS pvc-11,MM-RVD,MM_RVD_A9_SELECTED_R6,CLEAN,0.9964285714285712,monkey3,data_monkey3_gratings
CRCNS pvc-11,MM-RVD,MM_RVD_A9_SELECTED_R6,U30,0.997142857142857,monkey3,data_monkey3_gratings
CRCNS pvc-11,MM-RVD,MM_RVD_A9_SELECTED_R6,SW-U30,0.997142857142857,monkey3,data_monkey3_gratings
CRCNS pvc-11,MM-RVD,MM_RVD_A9_SELECTED_R6,T5,0.9985714285714284,monkey3,data_monkey3_gratings
CRCNS pvc-11,MM-RVD,MM_RVD_A9_SELECTED_R6,B5,0.9964285714285712,monkey3,data_monkey3_gratings
CRCNS pvc-11,MM-RVD,MM_RVD_A9_SELECTED_R6,J30-5,0.9935714285714285,monkey3,data_monkey3_gratings
CRCNS pvc-11,MM-RVD,MM_RVD_A9_SELECTED_R6,Five-Missing Mean,0.9965714285714284,monkey3,data_monkey3_gratings
CRCNS pvc-11,MM-RVD,MM_RVD_A9_SELECTED_R6,Five-Missing Worst,0.9935714285714285,monkey3,data_monkey3_gratings
CRCNS pvc-11,SVD,SVD64_LOGREG,CLEAN,0.9928571428571427,monkey3,data_monkey3_gratings
CRCNS pvc-11,SVD,SVD64_LOGREG,U30,0.9739285714285714,monkey3,data_monkey3_gratings
CRCNS pvc-11,SVD,SVD64_LOGREG,SW-U30,0.9739285714285714,monkey3,data_monkey3_gratings
CRCNS pvc-11,SVD,SVD64_LOGREG,T5,0.9792857142857141,monkey3,data_monkey3_gratings
CRCNS pvc-11,SVD,SVD64_LOGREG,B5,0.9874999999999998,monkey3,data_monkey3_gratings
CRCNS pvc-11,SVD,SVD64_LOGREG,J30-5,0.9578571428571429,monkey3,data_monkey3_gratings
CRCNS pvc-11,SVD,SVD64_LOGREG,Five-Missing Mean,0.9744999999999999,monkey3,data_monkey3_gratings
CRCNS pvc-11,SVD,SVD64_LOGREG,Five-Missing Worst,0.9578571428571429,monkey3,data_monkey3_gratings
CRCNS pvc-11,SVM,MEAN_RATE_LINEAR_SVM,CLEAN,0.9232142857142858,monkey3,data_monkey3_gratings
CRCNS pvc-11,SVM,MEAN_RATE_LINEAR_SVM,U30,0.8085714285714286,monkey3,data_monkey3_gratings
CRCNS pvc-11,SVM,MEAN_RATE_LINEAR_SVM,SW-U30,0.8085714285714286,monkey3,data_monkey3_gratings
CRCNS pvc-11,SVM,MEAN_RATE_LINEAR_SVM,T5,0.8935714285714287,monkey3,data_monkey3_gratings
CRCNS pvc-11,SVM,MEAN_RATE_LINEAR_SVM,B5,0.9178571428571429,monkey3,data_monkey3_gratings
CRCNS pvc-11,SVM,MEAN_RATE_LINEAR_SVM,J30-5,0.7632142857142857,monkey3,data_monkey3_gratings
CRCNS pvc-11,SVM,MEAN_RATE_LINEAR_SVM,Five-Missing Mean,0.8383571428571429,monkey3,data_monkey3_gratings
CRCNS pvc-11,SVM,MEAN_RATE_LINEAR_SVM,Five-Missing Worst,0.7632142857142857,monkey3,data_monkey3_gratings
CRCNS pvc-11,TCN,TCN_LIGHTWEIGHT,CLEAN,0.9414285714285715,monkey3,data_monkey3_gratings
CRCNS pvc-11,TCN,TCN_LIGHTWEIGHT,U30,0.6981428571428572,monkey3,data_monkey3_gratings
CRCNS pvc-11,TCN,TCN_LIGHTWEIGHT,SW-U30,0.6981428571428572,monkey3,data_monkey3_gratings
CRCNS pvc-11,TCN,TCN_LIGHTWEIGHT,T5,0.9137142857142859,monkey3,data_monkey3_gratings
CRCNS pvc-11,TCN,TCN_LIGHTWEIGHT,B5,0.9321428571428572,monkey3,data_monkey3_gratings
CRCNS pvc-11,TCN,TCN_LIGHTWEIGHT,J30-5,0.679142857142857,monkey3,data_monkey3_gratings
CRCNS pvc-11,TCN,TCN_LIGHTWEIGHT,Five-Missing Mean,0.7842571428571429,monkey3,data_monkey3_gratings
CRCNS pvc-11,TCN,TCN_LIGHTWEIGHT,Five-Missing Worst,0.679142857142857,monkey3,data_monkey3_gratings
CRCNS pvc-11,Transformer,TINY_TRANSFORMER_LIGHTWEIGHT_POSITION_AWARE,CLEAN,0.9685714285714286,monkey3,data_monkey3_gratings
CRCNS pvc-11,Transformer,TINY_TRANSFORMER_LIGHTWEIGHT_POSITION_AWARE,U30,0.727,monkey3,data_monkey3_gratings
CRCNS pvc-11,Transformer,TINY_TRANSFORMER_LIGHTWEIGHT_POSITION_AWARE,SW-U30,0.727,monkey3,data_monkey3_gratings
CRCNS pvc-11,Transformer,TINY_TRANSFORMER_LIGHTWEIGHT_POSITION_AWARE,T5,0.9649999999999999,monkey3,data_monkey3_gratings
CRCNS pvc-11,Transformer,TINY_TRANSFORMER_LIGHTWEIGHT_POSITION_AWARE,B5,0.9664285714285713,monkey3,data_monkey3_gratings
CRCNS pvc-11,Transformer,TINY_TRANSFORMER_LIGHTWEIGHT_POSITION_AWARE,J30-5,0.6544285714285715,monkey3,data_monkey3_gratings
CRCNS pvc-11,Transformer,TINY_TRANSFORMER_LIGHTWEIGHT_POSITION_AWARE,Five-Missing Mean,0.8079714285714286,monkey3,data_monkey3_gratings
CRCNS pvc-11,Transformer,TINY_TRANSFORMER_LIGHTWEIGHT_POSITION_AWARE,Five-Missing Worst,0.6544285714285715,monkey3,data_monkey3_gratings
