dataset,model,model_id,endpoint,CN_BalAcc,n_animals,n_sessions,source_status,source_manifest,aggregation_protocol_hash
Allen VBN,CEBRA,CEBRA_FLAT_LOGREG,CLEAN,0.9944190576077601,12,14,LOWER_LEVEL_REAGGREGATED,06_R4_SESSION_LEVEL_ENDPOINTS.csv;07_R4_ANIMAL_LEVEL_ENDPOINTS.csv,ececd76a66075072067e822c9327eea5f103ecb47c2b51206e505d46f2f3a969
Allen VBN,CEBRA,CEBRA_FLAT_LOGREG,U30,0.9789672890441623,12,14,LOWER_LEVEL_REAGGREGATED,06_R4_SESSION_LEVEL_ENDPOINTS.csv;07_R4_ANIMAL_LEVEL_ENDPOINTS.csv,ececd76a66075072067e822c9327eea5f103ecb47c2b51206e505d46f2f3a969
Allen VBN,CEBRA,CEBRA_FLAT_LOGREG,SW-U30,0.9789389412984874,12,14,LOWER_LEVEL_REAGGREGATED,06_R4_SESSION_LEVEL_ENDPOINTS.csv;07_R4_ANIMAL_LEVEL_ENDPOINTS.csv,ececd76a66075072067e822c9327eea5f103ecb47c2b51206e505d46f2f3a969
Allen VBN,CEBRA,CEBRA_FLAT_LOGREG,T5,0.9737867952401368,12,14,LOWER_LEVEL_REAGGREGATED,06_R4_SESSION_LEVEL_ENDPOINTS.csv;07_R4_ANIMAL_LEVEL_ENDPOINTS.csv,ececd76a66075072067e822c9327eea5f103ecb47c2b51206e505d46f2f3a969
Allen VBN,CEBRA,CEBRA_FLAT_LOGREG,B5,0.9701141477972284,12,14,LOWER_LEVEL_REAGGREGATED,06_R4_SESSION_LEVEL_ENDPOINTS.csv;07_R4_ANIMAL_LEVEL_ENDPOINTS.csv,ececd76a66075072067e822c9327eea5f103ecb47c2b51206e505d46f2f3a969
Allen VBN,CEBRA,CEBRA_FLAT_LOGREG,J30-5,0.9180946030213238,12,14,LOWER_LEVEL_REAGGREGATED,06_R4_SESSION_LEVEL_ENDPOINTS.csv;07_R4_ANIMAL_LEVEL_ENDPOINTS.csv,ececd76a66075072067e822c9327eea5f103ecb47c2b51206e505d46f2f3a969
Allen VBN,CEBRA,CEBRA_FLAT_LOGREG,Five-Missing Mean,0.9639803552802677,12,14,LOWER_LEVEL_REAGGREGATED,06_R4_SESSION_LEVEL_ENDPOINTS.csv;07_R4_ANIMAL_LEVEL_ENDPOINTS.csv,ececd76a66075072067e822c9327eea5f103ecb47c2b51206e505d46f2f3a969
Allen VBN,CEBRA,CEBRA_FLAT_LOGREG,Five-Missing Worst,0.917302823719165,12,14,LOWER_LEVEL_REAGGREGATED,06_R4_SESSION_LEVEL_ENDPOINTS.csv;07_R4_ANIMAL_LEVEL_ENDPOINTS.csv,ececd76a66075072067e822c9327eea5f103ecb47c2b51206e505d46f2f3a969
Allen VBN,GRU-D,GRU_LIGHTWEIGHT,CLEAN,0.3434506850071135,12,14,LOWER_LEVEL_REAGGREGATED,06_R4_SESSION_LEVEL_ENDPOINTS.csv;07_R4_ANIMAL_LEVEL_ENDPOINTS.csv,ececd76a66075072067e822c9327eea5f103ecb47c2b51206e505d46f2f3a969
Allen VBN,GRU-D,GRU_LIGHTWEIGHT,U30,0.02174168749394041,12,14,LOWER_LEVEL_REAGGREGATED,06_R4_SESSION_LEVEL_ENDPOINTS.csv;07_R4_ANIMAL_LEVEL_ENDPOINTS.csv,ececd76a66075072067e822c9327eea5f103ecb47c2b51206e505d46f2f3a969
Allen VBN,GRU-D,GRU_LIGHTWEIGHT,SW-U30,0.013741970874413192,12,14,LOWER_LEVEL_REAGGREGATED,06_R4_SESSION_LEVEL_ENDPOINTS.csv;07_R4_ANIMAL_LEVEL_ENDPOINTS.csv,ececd76a66075072067e822c9327eea5f103ecb47c2b51206e505d46f2f3a969
Allen VBN,GRU-D,GRU_LIGHTWEIGHT,T5,0.0672258249316995,12,14,LOWER_LEVEL_REAGGREGATED,06_R4_SESSION_LEVEL_ENDPOINTS.csv;07_R4_ANIMAL_LEVEL_ENDPOINTS.csv,ececd76a66075072067e822c9327eea5f103ecb47c2b51206e505d46f2f3a969
Allen VBN,GRU-D,GRU_LIGHTWEIGHT,B5,0.04616442924648648,12,14,LOWER_LEVEL_REAGGREGATED,06_R4_SESSION_LEVEL_ENDPOINTS.csv;07_R4_ANIMAL_LEVEL_ENDPOINTS.csv,ececd76a66075072067e822c9327eea5f103ecb47c2b51206e505d46f2f3a969
Allen VBN,GRU-D,GRU_LIGHTWEIGHT,J30-5,0.011206329224022274,12,14,LOWER_LEVEL_REAGGREGATED,06_R4_SESSION_LEVEL_ENDPOINTS.csv;07_R4_ANIMAL_LEVEL_ENDPOINTS.csv,ececd76a66075072067e822c9327eea5f103ecb47c2b51206e505d46f2f3a969
Allen VBN,GRU-D,GRU_LIGHTWEIGHT,Five-Missing Mean,0.03201604835411236,12,14,LOWER_LEVEL_REAGGREGATED,06_R4_SESSION_LEVEL_ENDPOINTS.csv;07_R4_ANIMAL_LEVEL_ENDPOINTS.csv,ececd76a66075072067e822c9327eea5f103ecb47c2b51206e505d46f2f3a969
Allen VBN,GRU-D,GRU_LIGHTWEIGHT,Five-Missing Worst,0.0037097045612146397,12,14,LOWER_LEVEL_REAGGREGATED,06_R4_SESSION_LEVEL_ENDPOINTS.csv;07_R4_ANIMAL_LEVEL_ENDPOINTS.csv,ececd76a66075072067e822c9327eea5f103ecb47c2b51206e505d46f2f3a969
Allen VBN,MM-RVD,MM_RVD_A9_SELECTED_R6,CLEAN,0.9988071506145388,12,14,LOWER_LEVEL_REAGGREGATED,06_R4_SESSION_LEVEL_ENDPOINTS.csv;07_R4_ANIMAL_LEVEL_ENDPOINTS.csv,ececd76a66075072067e822c9327eea5f103ecb47c2b51206e505d46f2f3a969
Allen VBN,MM-RVD,MM_RVD_A9_SELECTED_R6,U30,0.9984237994322402,12,14,LOWER_LEVEL_REAGGREGATED,06_R4_SESSION_LEVEL_ENDPOINTS.csv;07_R4_ANIMAL_LEVEL_ENDPOINTS.csv,ececd76a66075072067e822c9327eea5f103ecb47c2b51206e505d46f2f3a969
Allen VBN,MM-RVD,MM_RVD_A9_SELECTED_R6,SW-U30,0.9983820337507772,12,14,LOWER_LEVEL_REAGGREGATED,06_R4_SESSION_LEVEL_ENDPOINTS.csv;07_R4_ANIMAL_LEVEL_ENDPOINTS.csv,ececd76a66075072067e822c9327eea5f103ecb47c2b51206e505d46f2f3a969
Allen VBN,MM-RVD,MM_RVD_A9_SELECTED_R6,T5,0.9978665447198519,12,14,LOWER_LEVEL_REAGGREGATED,06_R4_SESSION_LEVEL_ENDPOINTS.csv;07_R4_ANIMAL_LEVEL_ENDPOINTS.csv,ececd76a66075072067e822c9327eea5f103ecb47c2b51206e505d46f2f3a969
Allen VBN,MM-RVD,MM_RVD_A9_SELECTED_R6,B5,0.9953457704427796,12,14,LOWER_LEVEL_REAGGREGATED,06_R4_SESSION_LEVEL_ENDPOINTS.csv;07_R4_ANIMAL_LEVEL_ENDPOINTS.csv,ececd76a66075072067e822c9327eea5f103ecb47c2b51206e505d46f2f3a969
Allen VBN,MM-RVD,MM_RVD_A9_SELECTED_R6,J30-5,0.9973766928930696,12,14,LOWER_LEVEL_REAGGREGATED,06_R4_SESSION_LEVEL_ENDPOINTS.csv;07_R4_ANIMAL_LEVEL_ENDPOINTS.csv,ececd76a66075072067e822c9327eea5f103ecb47c2b51206e505d46f2f3a969
Allen VBN,MM-RVD,MM_RVD_A9_SELECTED_R6,Five-Missing Mean,0.9974789682477437,12,14,LOWER_LEVEL_REAGGREGATED,06_R4_SESSION_LEVEL_ENDPOINTS.csv;07_R4_ANIMAL_LEVEL_ENDPOINTS.csv,ececd76a66075072067e822c9327eea5f103ecb47c2b51206e505d46f2f3a969
Allen VBN,MM-RVD,MM_RVD_A9_SELECTED_R6,Five-Missing Worst,0.9948957459988857,12,14,LOWER_LEVEL_REAGGREGATED,06_R4_SESSION_LEVEL_ENDPOINTS.csv;07_R4_ANIMAL_LEVEL_ENDPOINTS.csv,ececd76a66075072067e822c9327eea5f103ecb47c2b51206e505d46f2f3a969
Allen VBN,SVD,SVD64_LOGREG,CLEAN,0.8989166584541634,12,14,LOWER_LEVEL_REAGGREGATED,06_R4_SESSION_LEVEL_ENDPOINTS.csv;07_R4_ANIMAL_LEVEL_ENDPOINTS.csv,ececd76a66075072067e822c9327eea5f103ecb47c2b51206e505d46f2f3a969
Allen VBN,SVD,SVD64_LOGREG,U30,0.8865698467245801,12,14,LOWER_LEVEL_REAGGREGATED,06_R4_SESSION_LEVEL_ENDPOINTS.csv;07_R4_ANIMAL_LEVEL_ENDPOINTS.csv,ececd76a66075072067e822c9327eea5f103ecb47c2b51206e505d46f2f3a969
Allen VBN,SVD,SVD64_LOGREG,SW-U30,0.8881056670283153,12,14,LOWER_LEVEL_REAGGREGATED,06_R4_SESSION_LEVEL_ENDPOINTS.csv;07_R4_ANIMAL_LEVEL_ENDPOINTS.csv,ececd76a66075072067e822c9327eea5f103ecb47c2b51206e505d46f2f3a969
Allen VBN,SVD,SVD64_LOGREG,T5,0.8712955117384547,12,14,LOWER_LEVEL_REAGGREGATED,06_R4_SESSION_LEVEL_ENDPOINTS.csv;07_R4_ANIMAL_LEVEL_ENDPOINTS.csv,ececd76a66075072067e822c9327eea5f103ecb47c2b51206e505d46f2f3a969
Allen VBN,SVD,SVD64_LOGREG,B5,0.8505501310159441,12,14,LOWER_LEVEL_REAGGREGATED,06_R4_SESSION_LEVEL_ENDPOINTS.csv;07_R4_ANIMAL_LEVEL_ENDPOINTS.csv,ececd76a66075072067e822c9327eea5f103ecb47c2b51206e505d46f2f3a969
Allen VBN,SVD,SVD64_LOGREG,J30-5,0.8592625368329472,12,14,LOWER_LEVEL_REAGGREGATED,06_R4_SESSION_LEVEL_ENDPOINTS.csv;07_R4_ANIMAL_LEVEL_ENDPOINTS.csv,ececd76a66075072067e822c9327eea5f103ecb47c2b51206e505d46f2f3a969
Allen VBN,SVD,SVD64_LOGREG,Five-Missing Mean,0.8711567386680482,12,14,LOWER_LEVEL_REAGGREGATED,06_R4_SESSION_LEVEL_ENDPOINTS.csv;07_R4_ANIMAL_LEVEL_ENDPOINTS.csv,ececd76a66075072067e822c9327eea5f103ecb47c2b51206e505d46f2f3a969
Allen VBN,SVD,SVD64_LOGREG,Five-Missing Worst,0.8348996922676228,12,14,LOWER_LEVEL_REAGGREGATED,06_R4_SESSION_LEVEL_ENDPOINTS.csv;07_R4_ANIMAL_LEVEL_ENDPOINTS.csv,ececd76a66075072067e822c9327eea5f103ecb47c2b51206e505d46f2f3a969
Allen VBN,SVM,MEAN_RATE_LINEAR_SVM,CLEAN,0.9845489210878893,12,14,LOWER_LEVEL_REAGGREGATED,06_R4_SESSION_LEVEL_ENDPOINTS.csv;07_R4_ANIMAL_LEVEL_ENDPOINTS.csv,ececd76a66075072067e822c9327eea5f103ecb47c2b51206e505d46f2f3a969
Allen VBN,SVM,MEAN_RATE_LINEAR_SVM,U30,0.9747138545736345,12,14,LOWER_LEVEL_REAGGREGATED,06_R4_SESSION_LEVEL_ENDPOINTS.csv;07_R4_ANIMAL_LEVEL_ENDPOINTS.csv,ececd76a66075072067e822c9327eea5f103ecb47c2b51206e505d46f2f3a969
Allen VBN,SVM,MEAN_RATE_LINEAR_SVM,SW-U30,0.9747061553096349,12,14,LOWER_LEVEL_REAGGREGATED,06_R4_SESSION_LEVEL_ENDPOINTS.csv;07_R4_ANIMAL_LEVEL_ENDPOINTS.csv,ececd76a66075072067e822c9327eea5f103ecb47c2b51206e505d46f2f3a969
Allen VBN,SVM,MEAN_RATE_LINEAR_SVM,T5,0.9738035278531928,12,14,LOWER_LEVEL_REAGGREGATED,06_R4_SESSION_LEVEL_ENDPOINTS.csv;07_R4_ANIMAL_LEVEL_ENDPOINTS.csv,ececd76a66075072067e822c9327eea5f103ecb47c2b51206e505d46f2f3a969
Allen VBN,SVM,MEAN_RATE_LINEAR_SVM,B5,0.9690216562692887,12,14,LOWER_LEVEL_REAGGREGATED,06_R4_SESSION_LEVEL_ENDPOINTS.csv;07_R4_ANIMAL_LEVEL_ENDPOINTS.csv,ececd76a66075072067e822c9327eea5f103ecb47c2b51206e505d46f2f3a969
Allen VBN,SVM,MEAN_RATE_LINEAR_SVM,J30-5,0.9588200956744343,12,14,LOWER_LEVEL_REAGGREGATED,06_R4_SESSION_LEVEL_ENDPOINTS.csv;07_R4_ANIMAL_LEVEL_ENDPOINTS.csv,ececd76a66075072067e822c9327eea5f103ecb47c2b51206e505d46f2f3a969
Allen VBN,SVM,MEAN_RATE_LINEAR_SVM,Five-Missing Mean,0.9702130579360371,12,14,LOWER_LEVEL_REAGGREGATED,06_R4_SESSION_LEVEL_ENDPOINTS.csv;07_R4_ANIMAL_LEVEL_ENDPOINTS.csv,ececd76a66075072067e822c9327eea5f103ecb47c2b51206e505d46f2f3a969
Allen VBN,SVM,MEAN_RATE_LINEAR_SVM,Five-Missing Worst,0.955535507490363,12,14,LOWER_LEVEL_REAGGREGATED,06_R4_SESSION_LEVEL_ENDPOINTS.csv;07_R4_ANIMAL_LEVEL_ENDPOINTS.csv,ececd76a66075072067e822c9327eea5f103ecb47c2b51206e505d46f2f3a969
Allen VBN,TCN,TCN_LIGHTWEIGHT,CLEAN,0.810816439977175,12,14,LOWER_LEVEL_REAGGREGATED,06_R4_SESSION_LEVEL_ENDPOINTS.csv;07_R4_ANIMAL_LEVEL_ENDPOINTS.csv,ececd76a66075072067e822c9327eea5f103ecb47c2b51206e505d46f2f3a969
Allen VBN,TCN,TCN_LIGHTWEIGHT,U30,0.6234814028060164,12,14,LOWER_LEVEL_REAGGREGATED,06_R4_SESSION_LEVEL_ENDPOINTS.csv;07_R4_ANIMAL_LEVEL_ENDPOINTS.csv,ececd76a66075072067e822c9327eea5f103ecb47c2b51206e505d46f2f3a969
Allen VBN,TCN,TCN_LIGHTWEIGHT,SW-U30,0.626260347469003,12,14,LOWER_LEVEL_REAGGREGATED,06_R4_SESSION_LEVEL_ENDPOINTS.csv;07_R4_ANIMAL_LEVEL_ENDPOINTS.csv,ececd76a66075072067e822c9327eea5f103ecb47c2b51206e505d46f2f3a969
Allen VBN,TCN,TCN_LIGHTWEIGHT,T5,0.7336979714117992,12,14,LOWER_LEVEL_REAGGREGATED,06_R4_SESSION_LEVEL_ENDPOINTS.csv;07_R4_ANIMAL_LEVEL_ENDPOINTS.csv,ececd76a66075072067e822c9327eea5f103ecb47c2b51206e505d46f2f3a969
Allen VBN,TCN,TCN_LIGHTWEIGHT,B5,0.6728765973206577,12,14,LOWER_LEVEL_REAGGREGATED,06_R4_SESSION_LEVEL_ENDPOINTS.csv;07_R4_ANIMAL_LEVEL_ENDPOINTS.csv,ececd76a66075072067e822c9327eea5f103ecb47c2b51206e505d46f2f3a969
Allen VBN,TCN,TCN_LIGHTWEIGHT,J30-5,0.5483526217924988,12,14,LOWER_LEVEL_REAGGREGATED,06_R4_SESSION_LEVEL_ENDPOINTS.csv;07_R4_ANIMAL_LEVEL_ENDPOINTS.csv,ececd76a66075072067e822c9327eea5f103ecb47c2b51206e505d46f2f3a969
Allen VBN,TCN,TCN_LIGHTWEIGHT,Five-Missing Mean,0.640933788159995,12,14,LOWER_LEVEL_REAGGREGATED,06_R4_SESSION_LEVEL_ENDPOINTS.csv;07_R4_ANIMAL_LEVEL_ENDPOINTS.csv,ececd76a66075072067e822c9327eea5f103ecb47c2b51206e505d46f2f3a969
Allen VBN,TCN,TCN_LIGHTWEIGHT,Five-Missing Worst,0.5383334018646437,12,14,LOWER_LEVEL_REAGGREGATED,06_R4_SESSION_LEVEL_ENDPOINTS.csv;07_R4_ANIMAL_LEVEL_ENDPOINTS.csv,ececd76a66075072067e822c9327eea5f103ecb47c2b51206e505d46f2f3a969
Allen VBN,Transformer,TINY_TRANSFORMER_LIGHTWEIGHT_POSITION_AWARE,CLEAN,0.9946481966693649,12,14,LOWER_LEVEL_REAGGREGATED,06_R4_SESSION_LEVEL_ENDPOINTS.csv;07_R4_ANIMAL_LEVEL_ENDPOINTS.csv,ececd76a66075072067e822c9327eea5f103ecb47c2b51206e505d46f2f3a969
Allen VBN,Transformer,TINY_TRANSFORMER_LIGHTWEIGHT_POSITION_AWARE,U30,0.9825834006528905,12,14,LOWER_LEVEL_REAGGREGATED,06_R4_SESSION_LEVEL_ENDPOINTS.csv;07_R4_ANIMAL_LEVEL_ENDPOINTS.csv,ececd76a66075072067e822c9327eea5f103ecb47c2b51206e505d46f2f3a969
Allen VBN,Transformer,TINY_TRANSFORMER_LIGHTWEIGHT_POSITION_AWARE,SW-U30,0.9826675054561681,12,14,LOWER_LEVEL_REAGGREGATED,06_R4_SESSION_LEVEL_ENDPOINTS.csv;07_R4_ANIMAL_LEVEL_ENDPOINTS.csv,ececd76a66075072067e822c9327eea5f103ecb47c2b51206e505d46f2f3a969
Allen VBN,Transformer,TINY_TRANSFORMER_LIGHTWEIGHT_POSITION_AWARE,T5,0.9369610153347366,12,14,LOWER_LEVEL_REAGGREGATED,06_R4_SESSION_LEVEL_ENDPOINTS.csv;07_R4_ANIMAL_LEVEL_ENDPOINTS.csv,ececd76a66075072067e822c9327eea5f103ecb47c2b51206e505d46f2f3a969
Allen VBN,Transformer,TINY_TRANSFORMER_LIGHTWEIGHT_POSITION_AWARE,B5,0.963141310464369,12,14,LOWER_LEVEL_REAGGREGATED,06_R4_SESSION_LEVEL_ENDPOINTS.csv;07_R4_ANIMAL_LEVEL_ENDPOINTS.csv,ececd76a66075072067e822c9327eea5f103ecb47c2b51206e505d46f2f3a969
Allen VBN,Transformer,TINY_TRANSFORMER_LIGHTWEIGHT_POSITION_AWARE,J30-5,0.9009482695500847,12,14,LOWER_LEVEL_REAGGREGATED,06_R4_SESSION_LEVEL_ENDPOINTS.csv;07_R4_ANIMAL_LEVEL_ENDPOINTS.csv,ececd76a66075072067e822c9327eea5f103ecb47c2b51206e505d46f2f3a969
Allen VBN,Transformer,TINY_TRANSFORMER_LIGHTWEIGHT_POSITION_AWARE,Five-Missing Mean,0.9532603002916499,12,14,LOWER_LEVEL_REAGGREGATED,06_R4_SESSION_LEVEL_ENDPOINTS.csv;07_R4_ANIMAL_LEVEL_ENDPOINTS.csv,ececd76a66075072067e822c9327eea5f103ecb47c2b51206e505d46f2f3a969
Allen VBN,Transformer,TINY_TRANSFORMER_LIGHTWEIGHT_POSITION_AWARE,Five-Missing Worst,0.8873445671325477,12,14,LOWER_LEVEL_REAGGREGATED,06_R4_SESSION_LEVEL_ENDPOINTS.csv;07_R4_ANIMAL_LEVEL_ENDPOINTS.csv,ececd76a66075072067e822c9327eea5f103ecb47c2b51206e505d46f2f3a969
CRCNS pvc-11,CEBRA,CEBRA_FLAT_LOGREG,CLEAN,0.9909523809523808,3,3,LOWER_LEVEL_REAGGREGATED,06_R4_SESSION_LEVEL_ENDPOINTS.csv;07_R4_ANIMAL_LEVEL_ENDPOINTS.csv,ececd76a66075072067e822c9327eea5f103ecb47c2b51206e505d46f2f3a969
CRCNS pvc-11,CEBRA,CEBRA_FLAT_LOGREG,U30,0.9659999999999999,3,3,LOWER_LEVEL_REAGGREGATED,06_R4_SESSION_LEVEL_ENDPOINTS.csv;07_R4_ANIMAL_LEVEL_ENDPOINTS.csv,ececd76a66075072067e822c9327eea5f103ecb47c2b51206e505d46f2f3a969
CRCNS pvc-11,CEBRA,CEBRA_FLAT_LOGREG,SW-U30,0.9659999999999999,3,3,LOWER_LEVEL_REAGGREGATED,06_R4_SESSION_LEVEL_ENDPOINTS.csv;07_R4_ANIMAL_LEVEL_ENDPOINTS.csv,ececd76a66075072067e822c9327eea5f103ecb47c2b51206e505d46f2f3a969
CRCNS pvc-11,CEBRA,CEBRA_FLAT_LOGREG,T5,0.9810476190476191,3,3,LOWER_LEVEL_REAGGREGATED,06_R4_SESSION_LEVEL_ENDPOINTS.csv;07_R4_ANIMAL_LEVEL_ENDPOINTS.csv,ececd76a66075072067e822c9327eea5f103ecb47c2b51206e505d46f2f3a969
CRCNS pvc-11,CEBRA,CEBRA_FLAT_LOGREG,B5,0.9885714285714285,3,3,LOWER_LEVEL_REAGGREGATED,06_R4_SESSION_LEVEL_ENDPOINTS.csv;07_R4_ANIMAL_LEVEL_ENDPOINTS.csv,ececd76a66075072067e822c9327eea5f103ecb47c2b51206e505d46f2f3a969
CRCNS pvc-11,CEBRA,CEBRA_FLAT_LOGREG,J30-5,0.9060952380952382,3,3,LOWER_LEVEL_REAGGREGATED,06_R4_SESSION_LEVEL_ENDPOINTS.csv;07_R4_ANIMAL_LEVEL_ENDPOINTS.csv,ececd76a66075072067e822c9327eea5f103ecb47c2b51206e505d46f2f3a969
CRCNS pvc-11,CEBRA,CEBRA_FLAT_LOGREG,Five-Missing Mean,0.9615428571428571,3,3,LOWER_LEVEL_REAGGREGATED,06_R4_SESSION_LEVEL_ENDPOINTS.csv;07_R4_ANIMAL_LEVEL_ENDPOINTS.csv,ececd76a66075072067e822c9327eea5f103ecb47c2b51206e505d46f2f3a969
CRCNS pvc-11,CEBRA,CEBRA_FLAT_LOGREG,Five-Missing Worst,0.9060952380952382,3,3,LOWER_LEVEL_REAGGREGATED,06_R4_SESSION_LEVEL_ENDPOINTS.csv;07_R4_ANIMAL_LEVEL_ENDPOINTS.csv,ececd76a66075072067e822c9327eea5f103ecb47c2b51206e505d46f2f3a969
CRCNS pvc-11,GRU-D,GRU_LIGHTWEIGHT,CLEAN,0.9504761904761905,3,3,LOWER_LEVEL_REAGGREGATED,06_R4_SESSION_LEVEL_ENDPOINTS.csv;07_R4_ANIMAL_LEVEL_ENDPOINTS.csv,ececd76a66075072067e822c9327eea5f103ecb47c2b51206e505d46f2f3a969
CRCNS pvc-11,GRU-D,GRU_LIGHTWEIGHT,U30,0.013285714285714276,3,3,LOWER_LEVEL_REAGGREGATED,06_R4_SESSION_LEVEL_ENDPOINTS.csv;07_R4_ANIMAL_LEVEL_ENDPOINTS.csv,ececd76a66075072067e822c9327eea5f103ecb47c2b51206e505d46f2f3a969
CRCNS pvc-11,GRU-D,GRU_LIGHTWEIGHT,SW-U30,0.013285714285714276,3,3,LOWER_LEVEL_REAGGREGATED,06_R4_SESSION_LEVEL_ENDPOINTS.csv;07_R4_ANIMAL_LEVEL_ENDPOINTS.csv,ececd76a66075072067e822c9327eea5f103ecb47c2b51206e505d46f2f3a969
CRCNS pvc-11,GRU-D,GRU_LIGHTWEIGHT,T5,0.17985714285714283,3,3,LOWER_LEVEL_REAGGREGATED,06_R4_SESSION_LEVEL_ENDPOINTS.csv;07_R4_ANIMAL_LEVEL_ENDPOINTS.csv,ececd76a66075072067e822c9327eea5f103ecb47c2b51206e505d46f2f3a969
CRCNS pvc-11,GRU-D,GRU_LIGHTWEIGHT,B5,0.1283333333333333,3,3,LOWER_LEVEL_REAGGREGATED,06_R4_SESSION_LEVEL_ENDPOINTS.csv;07_R4_ANIMAL_LEVEL_ENDPOINTS.csv,ececd76a66075072067e822c9327eea5f103ecb47c2b51206e505d46f2f3a969
CRCNS pvc-11,GRU-D,GRU_LIGHTWEIGHT,J30-5,0.010380952380952367,3,3,LOWER_LEVEL_REAGGREGATED,06_R4_SESSION_LEVEL_ENDPOINTS.csv;07_R4_ANIMAL_LEVEL_ENDPOINTS.csv,ececd76a66075072067e822c9327eea5f103ecb47c2b51206e505d46f2f3a969
CRCNS pvc-11,GRU-D,GRU_LIGHTWEIGHT,Five-Missing Mean,0.0690285714285714,3,3,LOWER_LEVEL_REAGGREGATED,06_R4_SESSION_LEVEL_ENDPOINTS.csv;07_R4_ANIMAL_LEVEL_ENDPOINTS.csv,ececd76a66075072067e822c9327eea5f103ecb47c2b51206e505d46f2f3a969
CRCNS pvc-11,GRU-D,GRU_LIGHTWEIGHT,Five-Missing Worst,0.005095238095238088,3,3,LOWER_LEVEL_REAGGREGATED,06_R4_SESSION_LEVEL_ENDPOINTS.csv;07_R4_ANIMAL_LEVEL_ENDPOINTS.csv,ececd76a66075072067e822c9327eea5f103ecb47c2b51206e505d46f2f3a969
CRCNS pvc-11,MM-RVD,MM_RVD_A9_SELECTED_R6,CLEAN,0.9904761904761902,3,3,LOWER_LEVEL_REAGGREGATED,06_R4_SESSION_LEVEL_ENDPOINTS.csv;07_R4_ANIMAL_LEVEL_ENDPOINTS.csv,ececd76a66075072067e822c9327eea5f103ecb47c2b51206e505d46f2f3a969
CRCNS pvc-11,MM-RVD,MM_RVD_A9_SELECTED_R6,U30,0.9754761904761904,3,3,LOWER_LEVEL_REAGGREGATED,06_R4_SESSION_LEVEL_ENDPOINTS.csv;07_R4_ANIMAL_LEVEL_ENDPOINTS.csv,ececd76a66075072067e822c9327eea5f103ecb47c2b51206e505d46f2f3a969
CRCNS pvc-11,MM-RVD,MM_RVD_A9_SELECTED_R6,SW-U30,0.9754761904761904,3,3,LOWER_LEVEL_REAGGREGATED,06_R4_SESSION_LEVEL_ENDPOINTS.csv;07_R4_ANIMAL_LEVEL_ENDPOINTS.csv,ececd76a66075072067e822c9327eea5f103ecb47c2b51206e505d46f2f3a969
CRCNS pvc-11,MM-RVD,MM_RVD_A9_SELECTED_R6,T5,0.9769047619047617,3,3,LOWER_LEVEL_REAGGREGATED,06_R4_SESSION_LEVEL_ENDPOINTS.csv;07_R4_ANIMAL_LEVEL_ENDPOINTS.csv,ececd76a66075072067e822c9327eea5f103ecb47c2b51206e505d46f2f3a969
CRCNS pvc-11,MM-RVD,MM_RVD_A9_SELECTED_R6,B5,0.969047619047619,3,3,LOWER_LEVEL_REAGGREGATED,06_R4_SESSION_LEVEL_ENDPOINTS.csv;07_R4_ANIMAL_LEVEL_ENDPOINTS.csv,ececd76a66075072067e822c9327eea5f103ecb47c2b51206e505d46f2f3a969
CRCNS pvc-11,MM-RVD,MM_RVD_A9_SELECTED_R6,J30-5,0.9616666666666666,3,3,LOWER_LEVEL_REAGGREGATED,06_R4_SESSION_LEVEL_ENDPOINTS.csv;07_R4_ANIMAL_LEVEL_ENDPOINTS.csv,ececd76a66075072067e822c9327eea5f103ecb47c2b51206e505d46f2f3a969
CRCNS pvc-11,MM-RVD,MM_RVD_A9_SELECTED_R6,Five-Missing Mean,0.9717142857142856,3,3,LOWER_LEVEL_REAGGREGATED,06_R4_SESSION_LEVEL_ENDPOINTS.csv;07_R4_ANIMAL_LEVEL_ENDPOINTS.csv,ececd76a66075072067e822c9327eea5f103ecb47c2b51206e505d46f2f3a969
CRCNS pvc-11,MM-RVD,MM_RVD_A9_SELECTED_R6,Five-Missing Worst,0.9616666666666666,3,3,LOWER_LEVEL_REAGGREGATED,06_R4_SESSION_LEVEL_ENDPOINTS.csv;07_R4_ANIMAL_LEVEL_ENDPOINTS.csv,ececd76a66075072067e822c9327eea5f103ecb47c2b51206e505d46f2f3a969
CRCNS pvc-11,SVD,SVD64_LOGREG,CLEAN,0.9666666666666667,3,3,LOWER_LEVEL_REAGGREGATED,06_R4_SESSION_LEVEL_ENDPOINTS.csv;07_R4_ANIMAL_LEVEL_ENDPOINTS.csv,ececd76a66075072067e822c9327eea5f103ecb47c2b51206e505d46f2f3a969
CRCNS pvc-11,SVD,SVD64_LOGREG,U30,0.9444047619047619,3,3,LOWER_LEVEL_REAGGREGATED,06_R4_SESSION_LEVEL_ENDPOINTS.csv;07_R4_ANIMAL_LEVEL_ENDPOINTS.csv,ececd76a66075072067e822c9327eea5f103ecb47c2b51206e505d46f2f3a969
CRCNS pvc-11,SVD,SVD64_LOGREG,SW-U30,0.9444047619047619,3,3,LOWER_LEVEL_REAGGREGATED,06_R4_SESSION_LEVEL_ENDPOINTS.csv;07_R4_ANIMAL_LEVEL_ENDPOINTS.csv,ececd76a66075072067e822c9327eea5f103ecb47c2b51206e505d46f2f3a969
CRCNS pvc-11,SVD,SVD64_LOGREG,T5,0.9535714285714286,3,3,LOWER_LEVEL_REAGGREGATED,06_R4_SESSION_LEVEL_ENDPOINTS.csv;07_R4_ANIMAL_LEVEL_ENDPOINTS.csv,ececd76a66075072067e822c9327eea5f103ecb47c2b51206e505d46f2f3a969
CRCNS pvc-11,SVD,SVD64_LOGREG,B5,0.9624999999999999,3,3,LOWER_LEVEL_REAGGREGATED,06_R4_SESSION_LEVEL_ENDPOINTS.csv;07_R4_ANIMAL_LEVEL_ENDPOINTS.csv,ececd76a66075072067e822c9327eea5f103ecb47c2b51206e505d46f2f3a969
CRCNS pvc-11,SVD,SVD64_LOGREG,J30-5,0.9085714285714287,3,3,LOWER_LEVEL_REAGGREGATED,06_R4_SESSION_LEVEL_ENDPOINTS.csv;07_R4_ANIMAL_LEVEL_ENDPOINTS.csv,ececd76a66075072067e822c9327eea5f103ecb47c2b51206e505d46f2f3a969
CRCNS pvc-11,SVD,SVD64_LOGREG,Five-Missing Mean,0.9426904761904762,3,3,LOWER_LEVEL_REAGGREGATED,06_R4_SESSION_LEVEL_ENDPOINTS.csv;07_R4_ANIMAL_LEVEL_ENDPOINTS.csv,ececd76a66075072067e822c9327eea5f103ecb47c2b51206e505d46f2f3a969
CRCNS pvc-11,SVD,SVD64_LOGREG,Five-Missing Worst,0.9085714285714287,3,3,LOWER_LEVEL_REAGGREGATED,06_R4_SESSION_LEVEL_ENDPOINTS.csv;07_R4_ANIMAL_LEVEL_ENDPOINTS.csv,ececd76a66075072067e822c9327eea5f103ecb47c2b51206e505d46f2f3a969
CRCNS pvc-11,SVM,MEAN_RATE_LINEAR_SVM,CLEAN,0.8422619047619048,3,3,LOWER_LEVEL_REAGGREGATED,06_R4_SESSION_LEVEL_ENDPOINTS.csv;07_R4_ANIMAL_LEVEL_ENDPOINTS.csv,ececd76a66075072067e822c9327eea5f103ecb47c2b51206e505d46f2f3a969
CRCNS pvc-11,SVM,MEAN_RATE_LINEAR_SVM,U30,0.7089285714285714,3,3,LOWER_LEVEL_REAGGREGATED,06_R4_SESSION_LEVEL_ENDPOINTS.csv;07_R4_ANIMAL_LEVEL_ENDPOINTS.csv,ececd76a66075072067e822c9327eea5f103ecb47c2b51206e505d46f2f3a969
CRCNS pvc-11,SVM,MEAN_RATE_LINEAR_SVM,SW-U30,0.7089285714285714,3,3,LOWER_LEVEL_REAGGREGATED,06_R4_SESSION_LEVEL_ENDPOINTS.csv;07_R4_ANIMAL_LEVEL_ENDPOINTS.csv,ececd76a66075072067e822c9327eea5f103ecb47c2b51206e505d46f2f3a969
CRCNS pvc-11,SVM,MEAN_RATE_LINEAR_SVM,T5,0.8027380952380954,3,3,LOWER_LEVEL_REAGGREGATED,06_R4_SESSION_LEVEL_ENDPOINTS.csv;07_R4_ANIMAL_LEVEL_ENDPOINTS.csv,ececd76a66075072067e822c9327eea5f103ecb47c2b51206e505d46f2f3a969
CRCNS pvc-11,SVM,MEAN_RATE_LINEAR_SVM,B5,0.8321428571428572,3,3,LOWER_LEVEL_REAGGREGATED,06_R4_SESSION_LEVEL_ENDPOINTS.csv;07_R4_ANIMAL_LEVEL_ENDPOINTS.csv,ececd76a66075072067e822c9327eea5f103ecb47c2b51206e505d46f2f3a969
CRCNS pvc-11,SVM,MEAN_RATE_LINEAR_SVM,J30-5,0.6513095238095238,3,3,LOWER_LEVEL_REAGGREGATED,06_R4_SESSION_LEVEL_ENDPOINTS.csv;07_R4_ANIMAL_LEVEL_ENDPOINTS.csv,ececd76a66075072067e822c9327eea5f103ecb47c2b51206e505d46f2f3a969
CRCNS pvc-11,SVM,MEAN_RATE_LINEAR_SVM,Five-Missing Mean,0.7408095238095238,3,3,LOWER_LEVEL_REAGGREGATED,06_R4_SESSION_LEVEL_ENDPOINTS.csv;07_R4_ANIMAL_LEVEL_ENDPOINTS.csv,ececd76a66075072067e822c9327eea5f103ecb47c2b51206e505d46f2f3a969
CRCNS pvc-11,SVM,MEAN_RATE_LINEAR_SVM,Five-Missing Worst,0.6513095238095238,3,3,LOWER_LEVEL_REAGGREGATED,06_R4_SESSION_LEVEL_ENDPOINTS.csv;07_R4_ANIMAL_LEVEL_ENDPOINTS.csv,ececd76a66075072067e822c9327eea5f103ecb47c2b51206e505d46f2f3a969
CRCNS pvc-11,TCN,TCN_LIGHTWEIGHT,CLEAN,0.8852380952380953,3,3,LOWER_LEVEL_REAGGREGATED,06_R4_SESSION_LEVEL_ENDPOINTS.csv;07_R4_ANIMAL_LEVEL_ENDPOINTS.csv,ececd76a66075072067e822c9327eea5f103ecb47c2b51206e505d46f2f3a969
CRCNS pvc-11,TCN,TCN_LIGHTWEIGHT,U30,0.6253809523809524,3,3,LOWER_LEVEL_REAGGREGATED,06_R4_SESSION_LEVEL_ENDPOINTS.csv;07_R4_ANIMAL_LEVEL_ENDPOINTS.csv,ececd76a66075072067e822c9327eea5f103ecb47c2b51206e505d46f2f3a969
CRCNS pvc-11,TCN,TCN_LIGHTWEIGHT,SW-U30,0.6253809523809524,3,3,LOWER_LEVEL_REAGGREGATED,06_R4_SESSION_LEVEL_ENDPOINTS.csv;07_R4_ANIMAL_LEVEL_ENDPOINTS.csv,ececd76a66075072067e822c9327eea5f103ecb47c2b51206e505d46f2f3a969
CRCNS pvc-11,TCN,TCN_LIGHTWEIGHT,T5,0.8612857142857143,3,3,LOWER_LEVEL_REAGGREGATED,06_R4_SESSION_LEVEL_ENDPOINTS.csv;07_R4_ANIMAL_LEVEL_ENDPOINTS.csv,ececd76a66075072067e822c9327eea5f103ecb47c2b51206e505d46f2f3a969
CRCNS pvc-11,TCN,TCN_LIGHTWEIGHT,B5,0.8771428571428572,3,3,LOWER_LEVEL_REAGGREGATED,06_R4_SESSION_LEVEL_ENDPOINTS.csv;07_R4_ANIMAL_LEVEL_ENDPOINTS.csv,ececd76a66075072067e822c9327eea5f103ecb47c2b51206e505d46f2f3a969
CRCNS pvc-11,TCN,TCN_LIGHTWEIGHT,J30-5,0.6042380952380952,3,3,LOWER_LEVEL_REAGGREGATED,06_R4_SESSION_LEVEL_ENDPOINTS.csv;07_R4_ANIMAL_LEVEL_ENDPOINTS.csv,ececd76a66075072067e822c9327eea5f103ecb47c2b51206e505d46f2f3a969
CRCNS pvc-11,TCN,TCN_LIGHTWEIGHT,Five-Missing Mean,0.7186857142857143,3,3,LOWER_LEVEL_REAGGREGATED,06_R4_SESSION_LEVEL_ENDPOINTS.csv;07_R4_ANIMAL_LEVEL_ENDPOINTS.csv,ececd76a66075072067e822c9327eea5f103ecb47c2b51206e505d46f2f3a969
CRCNS pvc-11,TCN,TCN_LIGHTWEIGHT,Five-Missing Worst,0.6042380952380952,3,3,LOWER_LEVEL_REAGGREGATED,06_R4_SESSION_LEVEL_ENDPOINTS.csv;07_R4_ANIMAL_LEVEL_ENDPOINTS.csv,ececd76a66075072067e822c9327eea5f103ecb47c2b51206e505d46f2f3a969
CRCNS pvc-11,Transformer,TINY_TRANSFORMER_LIGHTWEIGHT_POSITION_AWARE,CLEAN,0.9461904761904764,3,3,LOWER_LEVEL_REAGGREGATED,06_R4_SESSION_LEVEL_ENDPOINTS.csv;07_R4_ANIMAL_LEVEL_ENDPOINTS.csv,ececd76a66075072067e822c9327eea5f103ecb47c2b51206e505d46f2f3a969
CRCNS pvc-11,Transformer,TINY_TRANSFORMER_LIGHTWEIGHT_POSITION_AWARE,U30,0.6714761904761904,3,3,LOWER_LEVEL_REAGGREGATED,06_R4_SESSION_LEVEL_ENDPOINTS.csv;07_R4_ANIMAL_LEVEL_ENDPOINTS.csv,ececd76a66075072067e822c9327eea5f103ecb47c2b51206e505d46f2f3a969
CRCNS pvc-11,Transformer,TINY_TRANSFORMER_LIGHTWEIGHT_POSITION_AWARE,SW-U30,0.6714761904761904,3,3,LOWER_LEVEL_REAGGREGATED,06_R4_SESSION_LEVEL_ENDPOINTS.csv;07_R4_ANIMAL_LEVEL_ENDPOINTS.csv,ececd76a66075072067e822c9327eea5f103ecb47c2b51206e505d46f2f3a969
CRCNS pvc-11,Transformer,TINY_TRANSFORMER_LIGHTWEIGHT_POSITION_AWARE,T5,0.8819047619047619,3,3,LOWER_LEVEL_REAGGREGATED,06_R4_SESSION_LEVEL_ENDPOINTS.csv;07_R4_ANIMAL_LEVEL_ENDPOINTS.csv,ececd76a66075072067e822c9327eea5f103ecb47c2b51206e505d46f2f3a969
CRCNS pvc-11,Transformer,TINY_TRANSFORMER_LIGHTWEIGHT_POSITION_AWARE,B5,0.9328571428571428,3,3,LOWER_LEVEL_REAGGREGATED,06_R4_SESSION_LEVEL_ENDPOINTS.csv;07_R4_ANIMAL_LEVEL_ENDPOINTS.csv,ececd76a66075072067e822c9327eea5f103ecb47c2b51206e505d46f2f3a969
CRCNS pvc-11,Transformer,TINY_TRANSFORMER_LIGHTWEIGHT_POSITION_AWARE,J30-5,0.5730000000000001,3,3,LOWER_LEVEL_REAGGREGATED,06_R4_SESSION_LEVEL_ENDPOINTS.csv;07_R4_ANIMAL_LEVEL_ENDPOINTS.csv,ececd76a66075072067e822c9327eea5f103ecb47c2b51206e505d46f2f3a969
CRCNS pvc-11,Transformer,TINY_TRANSFORMER_LIGHTWEIGHT_POSITION_AWARE,Five-Missing Mean,0.7461428571428571,3,3,LOWER_LEVEL_REAGGREGATED,06_R4_SESSION_LEVEL_ENDPOINTS.csv;07_R4_ANIMAL_LEVEL_ENDPOINTS.csv,ececd76a66075072067e822c9327eea5f103ecb47c2b51206e505d46f2f3a969
CRCNS pvc-11,Transformer,TINY_TRANSFORMER_LIGHTWEIGHT_POSITION_AWARE,Five-Missing Worst,0.5730000000000001,3,3,LOWER_LEVEL_REAGGREGATED,06_R4_SESSION_LEVEL_ENDPOINTS.csv;07_R4_ANIMAL_LEVEL_ENDPOINTS.csv,ececd76a66075072067e822c9327eea5f103ecb47c2b51206e505d46f2f3a969
