dataset,animal_id,endpoint,baseline,MMRVD_value,baseline_value,paired_difference
Allen VBN,506940,CLEAN,SVM,0.9993131868131868,0.9769891811669158,0.022324005646271017
Allen VBN,510589,CLEAN,SVM,0.999370673379484,0.9844459416836194,0.014924731695864613
Allen VBN,521466,CLEAN,SVM,1.0,0.9901531283077836,0.00984687169221643
Allen VBN,524760,CLEAN,SVM,1.0,0.9901241988300041,0.009875801169995868
Allen VBN,524761,CLEAN,SVM,0.9940547691411913,0.9830138688598833,0.011040900281307997
Allen VBN,527749,CLEAN,SVM,0.99937343358396,0.990914885830914,0.008458547753045997
Allen VBN,531237,CLEAN,SVM,0.9986983336298404,0.9546449139229309,0.04405341970690946
Allen VBN,544837,CLEAN,SVM,1.0,0.9951745357717214,0.004825464228278564
Allen VBN,546507,CLEAN,SVM,0.9992748368382884,0.9877532185798903,0.011521618258398147
Allen VBN,563497,CLEAN,SVM,0.9994206163997745,0.9925757169689147,0.006844899430859863
Allen VBN,567286,CLEAN,SVM,0.998834839707908,0.9962616448850872,0.0025731948228208124
Allen VBN,570301,CLEAN,SVM,0.9973451178808322,0.9725358182470059,0.024809299633826387
Allen VBN,506940,U30,SVM,0.999327704108006,0.9633644648735115,0.035963239234494515
Allen VBN,510589,U30,SVM,0.9991466844761818,0.9783507970580574,0.020795887418124437
Allen VBN,521466,U30,SVM,0.9994108983799705,0.9864076173944125,0.01300328098555803
Allen VBN,524760,U30,SVM,0.9988827272578561,0.983983414516059,0.014899312741797122
Allen VBN,524761,U30,SVM,0.9943629541652201,0.9732965366927602,0.021066417472459964
Allen VBN,527749,U30,SVM,0.9993963993649462,0.9831811152165892,0.016215284148356934
Allen VBN,531237,U30,SVM,0.9980727855223515,0.9295405025784411,0.06853228294391034
Allen VBN,544837,U30,SVM,0.9998843262001156,0.990887175398102,0.008997150802013576
Allen VBN,546507,U30,SVM,0.9993354127168572,0.9796386274014821,0.01969678531537511
Allen VBN,563497,U30,SVM,0.9990879796955279,0.9839608017402065,0.01512717795532137
Allen VBN,567286,U30,SVM,0.9985473980734042,0.9916677872064688,0.006879610866935448
Allen VBN,570301,U30,SVM,0.995630323226445,0.9522874148075242,0.043342908418920745
Allen VBN,506940,SW-U30,SVM,0.999327704108006,0.9633644648735115,0.035963239234494515
Allen VBN,510589,SW-U30,SVM,0.9991466844761818,0.9783507970580574,0.020795887418124437
Allen VBN,521466,SW-U30,SVM,0.9994108983799705,0.9864076173944125,0.01300328098555803
Allen VBN,524760,SW-U30,SVM,0.9988827272578561,0.983983414516059,0.014899312741797122
Allen VBN,524761,SW-U30,SVM,0.9943629541652201,0.9732965366927602,0.021066417472459964
Allen VBN,527749,SW-U30,SVM,0.9993963993649462,0.9831811152165892,0.016215284148356934
Allen VBN,531237,SW-U30,SVM,0.9980727855223515,0.9295405025784411,0.06853228294391034
Allen VBN,544837,SW-U30,SVM,0.9994216310005785,0.9906455806687333,0.008776050331845142
Allen VBN,546507,SW-U30,SVM,0.9995951900422575,0.9791138018636503,0.02048138817860723
Allen VBN,563497,SW-U30,SVM,0.9989211159002742,0.9827955820661943,0.016125533834079886
Allen VBN,567286,SW-U30,SVM,0.9988002425740363,0.990126291577593,0.008673950996443303
Allen VBN,570301,SW-U30,SVM,0.995246072217647,0.9556681592096169,0.03957791300803015
Allen VBN,506940,T5,SVM,0.99689824647233,0.9455704141425222,0.051327832329807865
Allen VBN,510589,T5,SVM,0.9992540553036824,0.9866867212585616,0.012567334045120782
Allen VBN,521466,T5,SVM,0.9992552883422183,0.9878326599491942,0.011422628393024103
Allen VBN,524760,T5,SVM,0.999378056959644,0.983148374503813,0.016229682455831007
Allen VBN,524761,T5,SVM,0.9932315873323012,0.9751342768675819,0.018097310464719296
Allen VBN,527749,T5,SVM,0.999256276289921,0.9721101964035177,0.027146079886403274
Allen VBN,531237,T5,SVM,0.9975956306786893,0.9481307991170951,0.0494648315615942
Allen VBN,544837,T5,SVM,0.9996729806071782,0.9881655229911495,0.011507457616028782
Allen VBN,546507,T5,SVM,0.9984998491750199,0.9760775531199068,0.022422296055113033
Allen VBN,563497,T5,SVM,0.9981425959613814,0.981664318917929,0.016478277043452394
Allen VBN,567286,T5,SVM,0.9988002425740363,0.9899984148050931,0.008801827768943227
Allen VBN,570301,T5,SVM,0.9944137269418214,0.9511230821619499,0.043290644779871545
Allen VBN,506940,B5,SVM,0.9988801379358148,0.9413904788697864,0.05748965906602832
Allen VBN,510589,B5,SVM,0.9975833746090441,0.9614052183700863,0.036178156238957815
Allen VBN,521466,B5,SVM,0.9970128187361282,0.981736206314834,0.015276612421294189
Allen VBN,524760,B5,SVM,0.9994192799070849,0.9810386434064031,0.01838063650068178
Allen VBN,524761,B5,SVM,0.9912836884396283,0.9594768088800001,0.03180687955962824
Allen VBN,527749,B5,SVM,0.9987375285658547,0.9723099170423882,0.02642761152346651
Allen VBN,531237,B5,SVM,0.9980082025049268,0.9124417227146334,0.08556647979029341
Allen VBN,544837,B5,SVM,0.9994465648360867,0.9926674716312447,0.006779093204842046
Allen VBN,546507,B5,SVM,0.9994198694706308,0.9834759834826345,0.01594388598799623
Allen VBN,563497,B5,SVM,0.9944543159925402,0.9864175511636943,0.008036764828845855
Allen VBN,567286,B5,SVM,0.9914331245177144,0.9939153866509285,-0.0024822621332141193
Allen VBN,570301,B5,SVM,0.9784703397979004,0.9619844867048306,0.016485853093069824
Allen VBN,506940,J30-5,SVM,0.9991670690442666,0.9445809503022173,0.05458611874204922
Allen VBN,510589,J30-5,SVM,0.998898237271213,0.9728171847817326,0.02608105248948034
Allen VBN,521466,J30-5,SVM,0.9987631845450068,0.9744641176485783,0.024299066896428467
Allen VBN,524760,J30-5,SVM,0.9986489211692924,0.9773122828587926,0.02133663831049981
Allen VBN,524761,J30-5,SVM,0.9926806075035758,0.9546936259072055,0.03798698159637026
Allen VBN,527749,J30-5,SVM,0.9981510096984479,0.9570077891405353,0.04114322055791264
Allen VBN,531237,J30-5,SVM,0.9979740277071485,0.9247482646686209,0.07322576303852757
Allen VBN,544837,J30-5,SVM,0.9989257931471295,0.9805938902153476,0.018331902931781885
Allen VBN,546507,J30-5,SVM,0.9982916887277842,0.9598505916414178,0.03844109708636634
Allen VBN,563497,J30-5,SVM,0.9980374609906668,0.9667492818062196,0.03128817918444726
Allen VBN,567286,J30-5,SVM,0.998352571257627,0.9769249159310951,0.021427655326531903
Allen VBN,570301,J30-5,SVM,0.9906297436546767,0.9160982531914474,0.07453149046322927
Allen VBN,506940,Five-Missing Mean,SVM,0.9987201723336845,0.9516541546123098,0.04706601772137464
Allen VBN,510589,Five-Missing Mean,SVM,0.9988058072272606,0.9755221437052992,0.02328366352196143
Allen VBN,521466,Five-Missing Mean,SVM,0.998770617676659,0.9833696437402863,0.01540097393637263
Allen VBN,524760,Five-Missing Mean,SVM,0.9990423425103467,0.9818932259602253,0.017149116550121413
Allen VBN,524761,Five-Missing Mean,SVM,0.993184358321189,0.9671795570080616,0.026004801313127435
Allen VBN,527749,Five-Missing Mean,SVM,0.9989875226568232,0.9735580266039239,0.025429496052899347
Allen VBN,531237,Five-Missing Mean,SVM,0.9979446863870935,0.9288803583314463,0.06906432805564722
Allen VBN,544837,Five-Missing Mean,SVM,0.9994702591582177,0.9885919281809155,0.010878330977302286
Allen VBN,546507,Five-Missing Mean,SVM,0.9990284020265099,0.9756313115018184,0.02339709052469152
Allen VBN,563497,Five-Missing Mean,SVM,0.997728693708078,0.9803175071388487,0.017411186569229353
Allen VBN,567286,Five-Missing Mean,SVM,0.9971867157993636,0.9885265592342356,0.008660156565127974
Allen VBN,570301,Five-Missing Mean,SVM,0.9908780411676981,0.9474322792150738,0.043445761952624284
Allen VBN,506940,Five-Missing Worst,SVM,0.99689824647233,0.9413904788697864,0.05550776760254361
Allen VBN,510589,Five-Missing Worst,SVM,0.9975833746090441,0.9614052183700863,0.036178156238957815
Allen VBN,521466,Five-Missing Worst,SVM,0.9970128187361282,0.9744641176485783,0.022548701087549916
Allen VBN,524760,Five-Missing Worst,SVM,0.9986489211692924,0.9773122828587926,0.02133663831049981
Allen VBN,524761,Five-Missing Worst,SVM,0.9912836884396283,0.9421875474964156,0.049096140943212685
Allen VBN,527749,Five-Missing Worst,SVM,0.9981510096984479,0.9570077891405353,0.04114322055791264
Allen VBN,531237,Five-Missing Worst,SVM,0.9975956306786893,0.9124417227146334,0.08515390796405586
Allen VBN,544837,Five-Missing Worst,SVM,0.9989257931471295,0.9805938902153476,0.018331902931781885
Allen VBN,546507,Five-Missing Worst,SVM,0.9982916887277842,0.9598505916414178,0.03844109708636634
Allen VBN,563497,Five-Missing Worst,SVM,0.9944543159925402,0.9667492818062196,0.027705034186320643
Allen VBN,567286,Five-Missing Worst,SVM,0.9914331245177144,0.9769249159310951,0.014508208586619276
Allen VBN,570301,Five-Missing Worst,SVM,0.9784703397979004,0.9160982531914474,0.06237208660645299
Allen VBN,506940,CLEAN,SVD,0.9993131868131868,0.7008062288346539,0.2985069579785329
Allen VBN,510589,CLEAN,SVD,0.999370673379484,0.9434368910921946,0.0559337822872894
Allen VBN,521466,CLEAN,SVD,1.0,0.9293401399862296,0.07065986001377045
Allen VBN,524760,CLEAN,SVD,1.0,0.9377682859951645,0.062231714004835514
Allen VBN,524761,CLEAN,SVD,0.9940547691411913,0.8788059087228494,0.11524886041834193
Allen VBN,527749,CLEAN,SVD,0.99937343358396,0.9678832122377615,0.0314902213461985
Allen VBN,531237,CLEAN,SVD,0.9986983336298404,0.7703566852066015,0.2283416484232389
Allen VBN,544837,CLEAN,SVD,1.0,0.95865860458181,0.04134139541819004
Allen VBN,546507,CLEAN,SVD,0.9992748368382884,0.9030911322954397,0.09618370454284875
Allen VBN,563497,CLEAN,SVD,0.9994206163997745,0.937510518302443,0.0619100980973315
Allen VBN,567286,CLEAN,SVD,0.998834839707908,0.9738970022868931,0.024937837421014852
Allen VBN,570301,CLEAN,SVD,0.9973451178808322,0.8854452919079185,0.1118998259729137
Allen VBN,506940,U30,SVD,0.999327704108006,0.6861975196206103,0.3131301844873957
Allen VBN,510589,U30,SVD,0.9991466844761818,0.9358143984546062,0.06333228602157559
Allen VBN,521466,U30,SVD,0.9994108983799705,0.9142329795307125,0.08517791884925807
Allen VBN,524760,U30,SVD,0.9988827272578561,0.9305984476483413,0.06828427960951478
Allen VBN,524761,U30,SVD,0.9943629541652201,0.8590191285338875,0.13534382563133263
Allen VBN,527749,U30,SVD,0.9993963993649462,0.9598834694240528,0.03951292994089339
Allen VBN,531237,U30,SVD,0.9980727855223515,0.7509796444465453,0.24709314107580616
Allen VBN,544837,U30,SVD,0.9998843262001156,0.9544999832223708,0.04538434297774474
Allen VBN,546507,U30,SVD,0.9993354127168572,0.8928477040557344,0.10648770866112278
Allen VBN,563497,U30,SVD,0.9990879796955279,0.926138222869989,0.07294975682553884
Allen VBN,567286,U30,SVD,0.9985473980734042,0.9656603515172035,0.03288704655620067
Allen VBN,570301,U30,SVD,0.995630323226445,0.862966311370907,0.132664011855538
Allen VBN,506940,SW-U30,SVD,0.999327704108006,0.6861975196206103,0.3131301844873957
Allen VBN,510589,SW-U30,SVD,0.9991466844761818,0.9358143984546062,0.06333228602157559
Allen VBN,521466,SW-U30,SVD,0.9994108983799705,0.9142329795307125,0.08517791884925807
Allen VBN,524760,SW-U30,SVD,0.9988827272578561,0.9305984476483413,0.06828427960951478
Allen VBN,524761,SW-U30,SVD,0.9943629541652201,0.8590191285338875,0.13534382563133263
Allen VBN,527749,SW-U30,SVD,0.9993963993649462,0.9598834694240528,0.03951292994089339
Allen VBN,531237,SW-U30,SVD,0.9980727855223515,0.7509796444465453,0.24709314107580616
Allen VBN,544837,SW-U30,SVD,0.9994216310005785,0.953439564568012,0.045982066432566415
Allen VBN,546507,SW-U30,SVD,0.9995951900422575,0.8959190393744489,0.10367615066780855
Allen VBN,563497,SW-U30,SVD,0.9989211159002742,0.9301204164316736,0.06880069946860057
Allen VBN,567286,SW-U30,SVD,0.9988002425740363,0.9689278631306796,0.029872379443356745
Allen VBN,570301,SW-U30,SVD,0.995246072217647,0.8721355331762142,0.12311053904143288
Allen VBN,506940,T5,SVD,0.99689824647233,0.6476655324808935,0.3492327139914365
Allen VBN,510589,T5,SVD,0.9992540553036824,0.948152748529583,0.05110130677409941
Allen VBN,521466,T5,SVD,0.9992552883422183,0.9113496155819414,0.08790567276027694
Allen VBN,524760,T5,SVD,0.999378056959644,0.9176482491293505,0.08172980783029349
Allen VBN,524761,T5,SVD,0.9932315873323012,0.8537293738697711,0.1395022134625301
Allen VBN,527749,T5,SVD,0.999256276289921,0.8921689410564608,0.10708733523346015
Allen VBN,531237,T5,SVD,0.9975956306786893,0.7621348855705398,0.23546074510814952
Allen VBN,544837,T5,SVD,0.9996729806071782,0.9428725068789165,0.05680047372826169
Allen VBN,546507,T5,SVD,0.9984998491750199,0.8719537033715321,0.12654614580348778
Allen VBN,563497,T5,SVD,0.9981425959613814,0.9144866944674145,0.08365590149396696
Allen VBN,567286,T5,SVD,0.9988002425740363,0.9554475185438536,0.043352724030182754
Allen VBN,570301,T5,SVD,0.9944137269418214,0.8379363713811987,0.1564773555606227
Allen VBN,506940,B5,SVD,0.9988801379358148,0.5639044035218364,0.4349757344139784
Allen VBN,510589,B5,SVD,0.9975833746090441,0.8931210228881743,0.10446235172086982
Allen VBN,521466,B5,SVD,0.9970128187361282,0.8801454350871876,0.11686738364894067
Allen VBN,524760,B5,SVD,0.9994192799070849,0.9003378283441534,0.09908145156293147
Allen VBN,524761,B5,SVD,0.9912836884396283,0.7900773979475435,0.20120629049208483
Allen VBN,527749,B5,SVD,0.9987375285658547,0.9203293544789464,0.07840817408690837
Allen VBN,531237,B5,SVD,0.9980082025049268,0.6746950401792302,0.3233131623256966
Allen VBN,544837,B5,SVD,0.9994465648360867,0.9507139811412877,0.04873258369479905
Allen VBN,546507,B5,SVD,0.9994198694706308,0.887675724828833,0.11174414464179783
Allen VBN,563497,B5,SVD,0.9944543159925402,0.9230630209426773,0.07139129504986286
Allen VBN,567286,B5,SVD,0.9914331245177144,0.9648176728397211,0.026615451677993285
Allen VBN,570301,B5,SVD,0.9784703397979004,0.8577206899917384,0.12074964980616198
Allen VBN,506940,J30-5,SVD,0.9991670690442666,0.6755851030729424,0.32358196597132416
Allen VBN,510589,J30-5,SVD,0.998898237271213,0.9236223430322084,0.0752758942390046
Allen VBN,521466,J30-5,SVD,0.9987631845450068,0.8807539496009953,0.1180092349440115
Allen VBN,524760,J30-5,SVD,0.9986489211692924,0.9156571316469755,0.0829917895223169
Allen VBN,524761,J30-5,SVD,0.9926806075035758,0.8216805685788374,0.17100003892473836
Allen VBN,527749,J30-5,SVD,0.9981510096984479,0.8856644488902861,0.11248656080816188
Allen VBN,531237,J30-5,SVD,0.9979740277071485,0.7556960311739741,0.2422779965331744
Allen VBN,544837,J30-5,SVD,0.9989257931471295,0.93595494793304,0.06297084521408947
Allen VBN,546507,J30-5,SVD,0.9982916887277842,0.861374906012886,0.13691678271489816
Allen VBN,563497,J30-5,SVD,0.9980374609906668,0.9003358598807979,0.09770160110986892
Allen VBN,567286,J30-5,SVD,0.998352571257627,0.9400659460794654,0.05828662517816163
Allen VBN,570301,J30-5,SVD,0.9906297436546767,0.8147592060929569,0.17587053756171978
Allen VBN,506940,Five-Missing Mean,SVD,0.9987201723336845,0.6519100156633786,0.3468101566703059
Allen VBN,510589,Five-Missing Mean,SVD,0.9988058072272606,0.9273049822718356,0.07150082495542509
Allen VBN,521466,Five-Missing Mean,SVD,0.998770617676659,0.9001429918663099,0.09862762581034912
Allen VBN,524760,Five-Missing Mean,SVD,0.9990423425103467,0.9189680208834324,0.0800743216269143
Allen VBN,524761,Five-Missing Mean,SVD,0.993184358321189,0.8367051194927854,0.15647923882840364
Allen VBN,527749,Five-Missing Mean,SVD,0.9989875226568232,0.9235859366547599,0.07540158600206337
Allen VBN,531237,Five-Missing Mean,SVD,0.9979446863870935,0.738897049163367,0.2590476372237266
Allen VBN,544837,Five-Missing Mean,SVD,0.9994702591582177,0.9474961967487254,0.051974062409492316
Allen VBN,546507,Five-Missing Mean,SVD,0.9990284020265099,0.881954215528687,0.11707418649782286
Allen VBN,563497,Five-Missing Mean,SVD,0.997728693708078,0.9188288429185105,0.07889985078956752
Allen VBN,567286,Five-Missing Mean,SVD,0.9971867157993636,0.9589838704221847,0.038202845377178885
Allen VBN,570301,Five-Missing Mean,SVD,0.9908780411676981,0.8491036224026031,0.141774418765095
Allen VBN,506940,Five-Missing Worst,SVD,0.99689824647233,0.5639044035218364,0.4329938429504937
Allen VBN,510589,Five-Missing Worst,SVD,0.9975833746090441,0.8931210228881743,0.10446235172086982
Allen VBN,521466,Five-Missing Worst,SVD,0.9970128187361282,0.8790372384098508,0.11797558032627742
Allen VBN,524760,Five-Missing Worst,SVD,0.9986489211692924,0.9003378283441534,0.09831109282513895
Allen VBN,524761,Five-Missing Worst,SVD,0.9912836884396283,0.7695454589787973,0.221738229460831
Allen VBN,527749,Five-Missing Worst,SVD,0.9981510096984479,0.8856644488902861,0.11248656080816188
Allen VBN,531237,Five-Missing Worst,SVD,0.9975956306786893,0.6746950401792302,0.3229005904994591
Allen VBN,544837,Five-Missing Worst,SVD,0.9989257931471295,0.93595494793304,0.06297084521408947
Allen VBN,546507,Five-Missing Worst,SVD,0.9982916887277842,0.861374906012886,0.13691678271489816
Allen VBN,563497,Five-Missing Worst,SVD,0.9944543159925402,0.9003358598807979,0.0941184561117423
Allen VBN,567286,Five-Missing Worst,SVD,0.9914331245177144,0.9400659460794654,0.051367178438249006
Allen VBN,570301,Five-Missing Worst,SVD,0.9784703397979004,0.8147592060929569,0.1637111337049435
Allen VBN,506940,CLEAN,CEBRA,0.9993131868131868,0.9710293007895527,0.028283886023634075
Allen VBN,510589,CLEAN,CEBRA,0.999370673379484,0.998673677539417,0.000696995840066994
Allen VBN,521466,CLEAN,CEBRA,1.0,0.9967980421255473,0.0032019578744526545
Allen VBN,524760,CLEAN,CEBRA,1.0,0.9976350329619997,0.002364967038000265
Allen VBN,524761,CLEAN,CEBRA,0.9940547691411913,0.9895662598106896,0.004488509330501711
Allen VBN,527749,CLEAN,CEBRA,0.99937343358396,0.9963936219654723,0.0029798116184877044
Allen VBN,531237,CLEAN,CEBRA,0.9986983336298404,0.9923581576763263,0.0063401759535141045
Allen VBN,544837,CLEAN,CEBRA,1.0,1.0,0.0
Allen VBN,546507,CLEAN,CEBRA,0.9992748368382884,0.9978739414042768,0.001400895434011673
Allen VBN,563497,CLEAN,CEBRA,0.9994206163997745,0.9988515481679521,0.000569068231822456
Allen VBN,567286,CLEAN,CEBRA,0.998834839707908,0.999204265553493,-0.0003694258455849697
Allen VBN,570301,CLEAN,CEBRA,0.9973451178808322,0.9946448432983935,0.002700274582438711
Allen VBN,506940,U30,CEBRA,0.999327704108006,0.8963532057881481,0.10297449831985783
Allen VBN,510589,U30,CEBRA,0.9991466844761818,0.9939765935191153,0.005170090957066553
Allen VBN,521466,U30,CEBRA,0.9994108983799705,0.9862298430880889,0.013181055291881627
Allen VBN,524760,U30,CEBRA,0.9988827272578561,0.9918405923467715,0.00704213491108463
Allen VBN,524761,U30,CEBRA,0.9943629541652201,0.9782043654092354,0.01615858875598475
Allen VBN,527749,U30,CEBRA,0.9993963993649462,0.9699160976051242,0.02948030175982197
Allen VBN,531237,U30,CEBRA,0.9980727855223515,0.9615912601558521,0.0364815253664994
Allen VBN,544837,U30,CEBRA,0.9998843262001156,0.9984309929126509,0.0014533332874646643
Allen VBN,546507,U30,CEBRA,0.9993354127168572,0.9897101833731604,0.009625229343696806
Allen VBN,563497,U30,CEBRA,0.9990879796955279,0.9963605628535079,0.0027274168420199363
Allen VBN,567286,U30,CEBRA,0.9985473980734042,0.9963853445326387,0.002162053540765485
Allen VBN,570301,U30,CEBRA,0.995630323226445,0.9886084269456543,0.00702189628079064
Allen VBN,506940,SW-U30,CEBRA,0.999327704108006,0.8963532057881481,0.10297449831985783
Allen VBN,510589,SW-U30,CEBRA,0.9991466844761818,0.9939765935191153,0.005170090957066553
Allen VBN,521466,SW-U30,CEBRA,0.9994108983799705,0.9862298430880889,0.013181055291881627
Allen VBN,524760,SW-U30,CEBRA,0.9988827272578561,0.9918405923467715,0.00704213491108463
Allen VBN,524761,SW-U30,CEBRA,0.9943629541652201,0.9782043654092354,0.01615858875598475
Allen VBN,527749,SW-U30,CEBRA,0.9993963993649462,0.9699160976051242,0.02948030175982197
Allen VBN,531237,SW-U30,CEBRA,0.9980727855223515,0.9615912601558521,0.0364815253664994
Allen VBN,544837,SW-U30,CEBRA,0.9994216310005785,0.9983659812199676,0.001055649780610901
Allen VBN,546507,SW-U30,CEBRA,0.9995951900422575,0.990573682427495,0.009021507614762503
Allen VBN,563497,SW-U30,CEBRA,0.9989211159002742,0.9959715430168017,0.0029495728834725288
Allen VBN,567286,SW-U30,CEBRA,0.9988002425740363,0.9954554219789195,0.003344820595116871
Allen VBN,570301,SW-U30,CEBRA,0.995246072217647,0.9887887090263282,0.006457363191318843
Allen VBN,506940,T5,CEBRA,0.99689824647233,0.8817635486101697,0.11513469786216035
Allen VBN,510589,T5,CEBRA,0.9992540553036824,0.9978431120872437,0.0014109432164386426
Allen VBN,521466,T5,CEBRA,0.9992552883422183,0.9861849721217334,0.013070316220484934
Allen VBN,524760,T5,CEBRA,0.999378056959644,0.9891672937709078,0.01021076318873615
Allen VBN,524761,T5,CEBRA,0.9932315873323012,0.9800129978293619,0.013218589502939304
Allen VBN,527749,T5,CEBRA,0.999256276289921,0.9285126441296704,0.07074363216025059
Allen VBN,531237,T5,CEBRA,0.9975956306786893,0.9797011031530918,0.017894527525597503
Allen VBN,544837,T5,CEBRA,0.9996729806071782,0.9924401792156067,0.007232801391571564
Allen VBN,546507,T5,CEBRA,0.9984998491750199,0.9849365883048857,0.013563260870134153
Allen VBN,563497,T5,CEBRA,0.9981425959613814,0.9932650882899096,0.004877507671471881
Allen VBN,567286,T5,CEBRA,0.9988002425740363,0.9925079617272022,0.006292280846834086
Allen VBN,570301,T5,CEBRA,0.9944137269418214,0.9791060536418573,0.015307673299964075
Allen VBN,506940,B5,CEBRA,0.9988801379358148,0.8407482703581687,0.15813186757764608
Allen VBN,510589,B5,CEBRA,0.9975833746090441,0.9900470949946681,0.007536279614375974
Allen VBN,521466,B5,CEBRA,0.9970128187361282,0.9807877286239094,0.016225090112218843
Allen VBN,524760,B5,CEBRA,0.9994192799070849,0.989045617679821,0.01037366222726388
Allen VBN,524761,B5,CEBRA,0.9912836884396283,0.9698038233958295,0.02147986504379884
Allen VBN,527749,B5,CEBRA,0.9987375285658547,0.950716685083264,0.048020843482590725
Allen VBN,531237,B5,CEBRA,0.9980082025049268,0.950947933550187,0.0470602689547398
Allen VBN,544837,B5,CEBRA,0.9994465648360867,0.9976068209569575,0.0018397438791292187
Allen VBN,546507,B5,CEBRA,0.9994198694706308,0.9919149724019114,0.007504897068719374
Allen VBN,563497,B5,CEBRA,0.9944543159925402,0.9960061614800806,-0.001551845487540393
Allen VBN,567286,B5,CEBRA,0.9914331245177144,0.9961554852967348,-0.00472236077902044
Allen VBN,570301,B5,CEBRA,0.9784703397979004,0.9875891797452081,-0.009118839947307666
Allen VBN,506940,J30-5,CEBRA,0.9991670690442666,0.7931131333665955,0.20605393567767105
Allen VBN,510589,J30-5,CEBRA,0.998898237271213,0.9792617784036224,0.019636458867590578
Allen VBN,521466,J30-5,CEBRA,0.9987631845450068,0.9228539326243679,0.07590925192063891
Allen VBN,524760,J30-5,CEBRA,0.9986489211692924,0.9519816058583975,0.04666731531089485
Allen VBN,524761,J30-5,CEBRA,0.9926806075035758,0.9174847160674533,0.07519589143612249
Allen VBN,527749,J30-5,CEBRA,0.9981510096984479,0.7881134631794293,0.21003754651901863
Allen VBN,531237,J30-5,CEBRA,0.9979740277071485,0.9303616172982162,0.06761241040893229
Allen VBN,544837,J30-5,CEBRA,0.9989257931471295,0.9602289587731457,0.038696834373983746
Allen VBN,546507,J30-5,CEBRA,0.9982916887277842,0.9300494794129536,0.0682422093148306
Allen VBN,563497,J30-5,CEBRA,0.9980374609906668,0.9672005973557526,0.030836863634914224
Allen VBN,567286,J30-5,CEBRA,0.998352571257627,0.943563228028054,0.05478934322957296
Allen VBN,570301,J30-5,CEBRA,0.9906297436546767,0.9329227258878976,0.05770701776677911
Allen VBN,506940,Five-Missing Mean,CEBRA,0.9987201723336845,0.861666272782246,0.13705389955143854
Allen VBN,510589,Five-Missing Mean,CEBRA,0.9988058072272606,0.991021034504753,0.00778477272250766
Allen VBN,521466,Five-Missing Mean,CEBRA,0.998770617676659,0.9724572639092376,0.026313353767421388
Allen VBN,524760,Five-Missing Mean,CEBRA,0.9990423425103467,0.9827751404005338,0.016267202109812917
Allen VBN,524761,Five-Missing Mean,CEBRA,0.993184358321189,0.964742053622223,0.028442304698966026
Allen VBN,527749,Five-Missing Mean,CEBRA,0.9989875226568232,0.9214349975205224,0.07755252513630084
Allen VBN,531237,Five-Missing Mean,CEBRA,0.9979446863870935,0.9568386348626398,0.04110605152445379
Allen VBN,544837,Five-Missing Mean,CEBRA,0.9994702591582177,0.9894145866156656,0.01005567254255213
Allen VBN,546507,Five-Missing Mean,CEBRA,0.9990284020265099,0.9774369811840812,0.02159142084242871
Allen VBN,563497,Five-Missing Mean,CEBRA,0.997728693708078,0.9897607905992105,0.007967903108867525
Allen VBN,567286,Five-Missing Mean,CEBRA,0.9971867157993636,0.9848134883127099,0.012373227486653704
Allen VBN,570301,Five-Missing Mean,CEBRA,0.9908780411676981,0.9754030190493891,0.015475022118308979
Allen VBN,506940,Five-Missing Worst,CEBRA,0.99689824647233,0.7867057076773991,0.21019253879493094
Allen VBN,510589,Five-Missing Worst,CEBRA,0.9975833746090441,0.9792617784036224,0.01832159620542173
Allen VBN,521466,Five-Missing Worst,CEBRA,0.9970128187361282,0.9228539326243679,0.07415888611176036
Allen VBN,524760,Five-Missing Worst,CEBRA,0.9986489211692924,0.9519816058583975,0.04666731531089485
Allen VBN,524761,Five-Missing Worst,CEBRA,0.9912836884396283,0.9150196583003275,0.07626403013930083
Allen VBN,527749,Five-Missing Worst,CEBRA,0.9981510096984479,0.7881134631794293,0.21003754651901863
Allen VBN,531237,Five-Missing Worst,CEBRA,0.9975956306786893,0.9297327491286328,0.06786288155005649
Allen VBN,544837,Five-Missing Worst,CEBRA,0.9989257931471295,0.9602289587731457,0.038696834373983746
Allen VBN,546507,Five-Missing Worst,CEBRA,0.9982916887277842,0.9300494794129536,0.0682422093148306
Allen VBN,563497,Five-Missing Worst,CEBRA,0.9944543159925402,0.9672005973557526,0.027253718636787605
Allen VBN,567286,Five-Missing Worst,CEBRA,0.9914331245177144,0.943563228028054,0.047869896489660335
Allen VBN,570301,Five-Missing Worst,CEBRA,0.9784703397979004,0.9329227258878976,0.04554761391000284
Allen VBN,506940,CLEAN,GRU-D,0.9993131868131868,0.0,0.9993131868131868
Allen VBN,510589,CLEAN,GRU-D,0.999370673379484,0.3424892291466952,0.6568814442327888
Allen VBN,521466,CLEAN,GRU-D,1.0,0.1534641910598151,0.8465358089401849
Allen VBN,524760,CLEAN,GRU-D,1.0,0.029346520146520116,0.9706534798534798
Allen VBN,524761,CLEAN,GRU-D,0.9940547691411913,0.0196361664689567,0.9744186026722346
Allen VBN,527749,CLEAN,GRU-D,0.99937343358396,0.040818823316090866,0.9585546102678691
Allen VBN,531237,CLEAN,GRU-D,0.9986983336298404,0.0,0.9986983336298404
Allen VBN,544837,CLEAN,GRU-D,1.0,0.769622199992857,0.23037780000714303
Allen VBN,546507,CLEAN,GRU-D,0.9992748368382884,0.626953253021202,0.37232158381708647
Allen VBN,563497,CLEAN,GRU-D,0.9994206163997745,0.8475129246648562,0.15190769173491836
Allen VBN,567286,CLEAN,GRU-D,0.998834839707908,0.9480329573530122,0.0508018823548958
Allen VBN,570301,CLEAN,GRU-D,0.9973451178808322,0.3435319549153571,0.6538131629654751
Allen VBN,506940,U30,GRU-D,0.999327704108006,-0.000449245496507424,0.9997769496045134
Allen VBN,510589,U30,GRU-D,0.9991466844761818,0.017900702652158058,0.9812459818240238
Allen VBN,521466,U30,GRU-D,0.9994108983799705,0.007678972282884884,0.9917319260970857
Allen VBN,524760,U30,GRU-D,0.9988827272578561,-6.126255497830822e-05,0.9989439898128344
Allen VBN,524761,U30,GRU-D,0.9943629541652201,0.00043546077562876795,0.9939274933895914
Allen VBN,527749,U30,GRU-D,0.9993963993649462,-0.0008571088629411319,1.0002535082278874
Allen VBN,531237,U30,GRU-D,0.9980727855223515,0.00109809855736246,0.996974686964989
Allen VBN,544837,U30,GRU-D,0.9998843262001156,0.06568674332611711,0.9341975828739985
Allen VBN,546507,U30,GRU-D,0.9993354127168572,0.028577017937574695,0.9707583947792825
Allen VBN,563497,U30,GRU-D,0.9990879796955279,0.06107182771297653,0.9380161519825514
Allen VBN,567286,U30,GRU-D,0.9985473980734042,0.06269632720043201,0.9358510708729721
Allen VBN,570301,U30,GRU-D,0.995630323226445,0.01712271639657722,0.9785076068298677
Allen VBN,506940,SW-U30,GRU-D,0.999327704108006,-0.000449245496507424,0.9997769496045134
Allen VBN,510589,SW-U30,GRU-D,0.9991466844761818,0.017900702652158058,0.9812459818240238
Allen VBN,521466,SW-U30,GRU-D,0.9994108983799705,0.007678972282884884,0.9917319260970857
Allen VBN,524760,SW-U30,GRU-D,0.9988827272578561,-6.126255497830822e-05,0.9989439898128344
Allen VBN,524761,SW-U30,GRU-D,0.9943629541652201,0.00043546077562876795,0.9939274933895914
Allen VBN,527749,SW-U30,GRU-D,0.9993963993649462,-0.0008571088629411319,1.0002535082278874
Allen VBN,531237,SW-U30,GRU-D,0.9980727855223515,0.00109809855736246,0.996974686964989
Allen VBN,544837,SW-U30,GRU-D,0.9994216310005785,0.03389762127941881,0.9655240097211597
Allen VBN,546507,SW-U30,GRU-D,0.9995951900422575,0.0036931918884460123,0.9959019981538115
Allen VBN,563497,SW-U30,GRU-D,0.9989211159002742,0.046863182298626446,0.9520579336016478
Allen VBN,567286,SW-U30,GRU-D,0.9988002425740363,0.023015119990288123,0.9757851225837482
Allen VBN,570301,SW-U30,GRU-D,0.995246072217647,0.03168891768257161,0.9635571545350754
Allen VBN,506940,T5,GRU-D,0.99689824647233,-0.002576131022847732,0.9994743774951778
Allen VBN,510589,T5,GRU-D,0.9992540553036824,0.08733321131717217,0.9119208439865102
Allen VBN,521466,T5,GRU-D,0.9992552883422183,0.04047461691951417,0.9587806714227042
Allen VBN,524760,T5,GRU-D,0.999378056959644,0.0024982578397212477,0.9968797991199227
Allen VBN,524761,T5,GRU-D,0.9932315873323012,0.01413326337292096,0.9790983239593802
Allen VBN,527749,T5,GRU-D,0.999256276289921,0.0021661631196767243,0.9970901131702442
Allen VBN,531237,T5,GRU-D,0.9975956306786893,9.736601827992398e-05,0.9974982646604094
Allen VBN,544837,T5,GRU-D,0.9996729806071782,0.15854592271681126,0.841127057890367
Allen VBN,546507,T5,GRU-D,0.9984998491750199,0.09984251831679077,0.8986573308582291
Allen VBN,563497,T5,GRU-D,0.9981425959613814,0.18129254846098852,0.8168500475003929
Allen VBN,567286,T5,GRU-D,0.9988002425740363,0.16876384486171364,0.8300363977123226
Allen VBN,570301,T5,GRU-D,0.9944137269418214,0.054138317259652256,0.9402754096821692
Allen VBN,506940,B5,GRU-D,0.9988801379358148,-0.0025040269611063598,1.001384164896921
Allen VBN,510589,B5,GRU-D,0.9975833746090441,0.026416037155171723,0.9711673374538724
Allen VBN,521466,B5,GRU-D,0.9970128187361282,-0.00015659347804353982,0.9971694122141718
Allen VBN,524760,B5,GRU-D,0.9994192799070849,0.00345963995354238,0.9959596399535425
Allen VBN,524761,B5,GRU-D,0.9912836884396283,0.0009390533283788209,0.9903446351112495
Allen VBN,527749,B5,GRU-D,0.9987375285658547,0.00243820161085788,0.9962993269549969
Allen VBN,531237,B5,GRU-D,0.9980082025049268,0.00086292847117824,0.9971452740337486
Allen VBN,544837,B5,GRU-D,0.9994465648360867,0.12261428299316761,0.8768322818429192
Allen VBN,546507,B5,GRU-D,0.9994198694706308,0.06882884385966864,0.9305910256109622
Allen VBN,563497,B5,GRU-D,0.9944543159925402,0.15811014285992875,0.8363441731326114
Allen VBN,567286,B5,GRU-D,0.9914331245177144,0.13231119578461598,0.8591219287330984
Allen VBN,570301,B5,GRU-D,0.9784703397979004,0.04065344538047757,0.9378168944174229
Allen VBN,506940,J30-5,GRU-D,0.9991670690442666,0.00021827257793389184,0.9989487964663326
Allen VBN,510589,J30-5,GRU-D,0.998898237271213,0.0070675640074739,0.9918306732637391
Allen VBN,521466,J30-5,GRU-D,0.9987631845450068,0.0045945840518359995,0.9941686004931708
Allen VBN,524760,J30-5,GRU-D,0.9986489211692924,-0.00018486139701604003,0.9988337825663084
Allen VBN,524761,J30-5,GRU-D,0.9926806075035758,0.000468228085244192,0.9922123794183316
Allen VBN,527749,J30-5,GRU-D,0.9981510096984479,0.0005947206508214592,0.9975562890476265
Allen VBN,531237,J30-5,GRU-D,0.9979740277071485,0.0006149998076895681,0.997359027899459
Allen VBN,544837,J30-5,GRU-D,0.9989257931471295,0.02318733964315266,0.9757384535039768
Allen VBN,546507,J30-5,GRU-D,0.9982916887277842,0.017471614444631293,0.9808200742831529
Allen VBN,563497,J30-5,GRU-D,0.9980374609906668,0.03411535264239059,0.9639221083482762
Allen VBN,567286,J30-5,GRU-D,0.998352571257627,0.030030725792981734,0.9683218454646453
Allen VBN,570301,J30-5,GRU-D,0.9906297436546767,0.016297410381128034,0.9743323332735486
Allen VBN,506940,Five-Missing Mean,GRU-D,0.9987201723336845,-0.0011520752798070094,0.9998722476134915
Allen VBN,510589,Five-Missing Mean,GRU-D,0.9988058072272606,0.031323643556826784,0.9674821636704338
Allen VBN,521466,Five-Missing Mean,GRU-D,0.998770617676659,0.012054110411815281,0.9867165072648437
Allen VBN,524760,Five-Missing Mean,GRU-D,0.9990423425103467,0.0011301022572581944,0.9979122402530886
Allen VBN,524761,Five-Missing Mean,GRU-D,0.993184358321189,0.0032822932675603024,0.9899020650536287
Allen VBN,527749,Five-Missing Mean,GRU-D,0.9989875226568232,0.0006969735310947597,0.9982905491257285
Allen VBN,531237,Five-Missing Mean,GRU-D,0.9979446863870935,0.0007542982823745304,0.997190388104719
Allen VBN,544837,Five-Missing Mean,GRU-D,0.9994702591582177,0.08078638199173348,0.9186838771664843
Allen VBN,546507,Five-Missing Mean,GRU-D,0.9990284020265099,0.04368263728942228,0.9553457647370877
Allen VBN,563497,Five-Missing Mean,GRU-D,0.997728693708078,0.09629061079498216,0.9014380829130959
Allen VBN,567286,Five-Missing Mean,GRU-D,0.9971867157993636,0.08336344272600629,0.9138232730733573
Allen VBN,570301,Five-Missing Mean,GRU-D,0.9908780411676981,0.03198016142008133,0.9588978797476168
Allen VBN,506940,Five-Missing Worst,GRU-D,0.99689824647233,-0.003816749534781792,1.0007149960071118
Allen VBN,510589,Five-Missing Worst,GRU-D,0.9975833746090441,0.00274611779898846,0.9948372568100556
Allen VBN,521466,Five-Missing Worst,GRU-D,0.9970128187361282,-0.002992108499169644,1.000004927235298
Allen VBN,524760,Five-Missing Worst,GRU-D,0.9986489211692924,-0.0014522556038256162,1.000101176773118
Allen VBN,524761,Five-Missing Worst,GRU-D,0.9912836884396283,-0.0018547663875289598,0.9931384548271572
Allen VBN,527749,Five-Missing Worst,GRU-D,0.9981510096984479,-0.001159749070507724,0.9993107587689557
Allen VBN,531237,Five-Missing Worst,GRU-D,0.9975956306786893,-0.0004430564632170239,0.9980386871419064
Allen VBN,544837,Five-Missing Worst,GRU-D,0.9989257931471295,0.01410397790563643,0.984821815241493
Allen VBN,546507,Five-Missing Worst,GRU-D,0.9982916887277842,-0.0034696811713900598,1.0017613698991743
Allen VBN,563497,Five-Missing Worst,GRU-D,0.9944543159925402,0.017664353195994416,0.9767899627965457
Allen VBN,567286,Five-Missing Worst,GRU-D,0.9914331245177144,0.015298046443065979,0.9761350780746484
Allen VBN,570301,Five-Missing Worst,GRU-D,0.9784703397979004,0.009892326121311204,0.9685780136765892
Allen VBN,506940,CLEAN,TCN,0.9993131868131868,0.6078095118073275,0.39150367500585936
Allen VBN,510589,CLEAN,TCN,0.999370673379484,0.7967042138943612,0.20266645948512285
Allen VBN,521466,CLEAN,TCN,1.0,0.8809928981443906,0.11900710185560937
Allen VBN,524760,CLEAN,TCN,1.0,0.9889741968883538,0.011025803111646248
Allen VBN,524761,CLEAN,TCN,0.9940547691411913,0.8754326569512259,0.11862211218996543
Allen VBN,527749,CLEAN,TCN,0.99937343358396,0.3315859974060593,0.6677874361779007
Allen VBN,531237,CLEAN,TCN,0.9986983336298404,0.5637029012043218,0.43499543242551864
Allen VBN,544837,CLEAN,TCN,1.0,0.985241157607218,0.014758842392782023
Allen VBN,546507,CLEAN,TCN,0.9992748368382884,0.8861369681344012,0.1131378687038872
Allen VBN,563497,CLEAN,TCN,0.9994206163997745,0.9659455811020494,0.03347503529772511
Allen VBN,567286,CLEAN,TCN,0.998834839707908,0.9867791436894799,0.012055696018428042
Allen VBN,570301,CLEAN,TCN,0.9973451178808322,0.8604920528969118,0.13685306498392047
Allen VBN,506940,U30,TCN,0.999327704108006,0.4047642484575478,0.5945634556504582
Allen VBN,510589,U30,TCN,0.9991466844761818,0.49864125132062737,0.5005054331555545
Allen VBN,521466,U30,TCN,0.9994108983799705,0.7375985686722256,0.26181232970774493
Allen VBN,524760,U30,TCN,0.9988827272578561,0.8803903876978438,0.11849233956001226
Allen VBN,524761,U30,TCN,0.9943629541652201,0.6738907143501504,0.3204722398150698
Allen VBN,527749,U30,TCN,0.9993963993649462,0.2173237246853937,0.7820726746795524
Allen VBN,531237,U30,TCN,0.9980727855223515,0.3588992950441664,0.6391734904781851
Allen VBN,544837,U30,TCN,0.9998843262001156,0.840954697938761,0.1589296282613546
Allen VBN,546507,U30,TCN,0.9993354127168572,0.5982487451362137,0.4010866675806435
Allen VBN,563497,U30,TCN,0.9990879796955279,0.7966487479122542,0.20243923178327372
Allen VBN,567286,U30,TCN,0.9985473980734042,0.8561723478221598,0.14237505025124442
Allen VBN,570301,U30,TCN,0.995630323226445,0.618244104634853,0.37738621859159194
Allen VBN,506940,SW-U30,TCN,0.999327704108006,0.4047642484575478,0.5945634556504582
Allen VBN,510589,SW-U30,TCN,0.9991466844761818,0.49864125132062737,0.5005054331555545
Allen VBN,521466,SW-U30,TCN,0.9994108983799705,0.7375985686722256,0.26181232970774493
Allen VBN,524760,SW-U30,TCN,0.9988827272578561,0.8803903876978438,0.11849233956001226
Allen VBN,524761,SW-U30,TCN,0.9943629541652201,0.6738907143501504,0.3204722398150698
Allen VBN,527749,SW-U30,TCN,0.9993963993649462,0.2173237246853937,0.7820726746795524
Allen VBN,531237,SW-U30,TCN,0.9980727855223515,0.3588992950441664,0.6391734904781851
Allen VBN,544837,SW-U30,TCN,0.9994216310005785,0.817518668988747,0.18190296201183143
Allen VBN,546507,SW-U30,TCN,0.9995951900422575,0.6203077020543366,0.3792874879879209
Allen VBN,563497,SW-U30,TCN,0.9989211159002742,0.7923048280760181,0.20661628782425612
Allen VBN,567286,SW-U30,TCN,0.9988002425740363,0.8628869330206962,0.13591330955334013
Allen VBN,570301,SW-U30,TCN,0.995246072217647,0.6505978472602828,0.34464822495736425
Allen VBN,506940,T5,TCN,0.99689824647233,0.46329857980857303,0.533599666663757
Allen VBN,510589,T5,TCN,0.9992540553036824,0.7393216465350794,0.259932408768603
Allen VBN,521466,T5,TCN,0.9992552883422183,0.8344079375941661,0.16484735074805223
Allen VBN,524760,T5,TCN,0.999378056959644,0.9423739608275252,0.057004096132118764
Allen VBN,524761,T5,TCN,0.9932315873323012,0.8123475748498464,0.18088401248245478
Allen VBN,527749,T5,TCN,0.999256276289921,0.2200044406496918,0.7792518356402292
Allen VBN,531237,T5,TCN,0.9975956306786893,0.4715123994239435,0.5260832312547458
Allen VBN,544837,T5,TCN,0.9996729806071782,0.9401821335278797,0.059490847079298526
Allen VBN,546507,T5,TCN,0.9984998491750199,0.7921230825327442,0.20637676664227567
Allen VBN,563497,T5,TCN,0.9981425959613814,0.897755094049678,0.10038750191170343
Allen VBN,567286,T5,TCN,0.9988002425740363,0.953978694978875,0.044821547595161326
Allen VBN,570301,T5,TCN,0.9944137269418214,0.7370701121635871,0.2573436147782343
Allen VBN,506940,B5,TCN,0.9988801379358148,0.3474662559750499,0.6514138819607649
Allen VBN,510589,B5,TCN,0.9975833746090441,0.4550691182828926,0.5425142563261516
Allen VBN,521466,B5,TCN,0.9970128187361282,0.7393723048314558,0.25764051390467246
Allen VBN,524760,B5,TCN,0.9994192799070849,0.919550896956849,0.0798683829502359
Allen VBN,524761,B5,TCN,0.9912836884396283,0.6846519220458489,0.3066317663937794
Allen VBN,527749,B5,TCN,0.9987375285658547,0.1913981900524924,0.8073393385133624
Allen VBN,531237,B5,TCN,0.9980082025049268,0.3448842114660061,0.6531239910389207
Allen VBN,544837,B5,TCN,0.9994465648360867,0.9524260894831631,0.04702047535292364
Allen VBN,546507,B5,TCN,0.9994198694706308,0.8200366905433902,0.17938317892724054
Allen VBN,563497,B5,TCN,0.9944543159925402,0.9027942892310372,0.09166002676150298
Allen VBN,567286,B5,TCN,0.9914331245177144,0.9570767417218793,0.03435638279583508
Allen VBN,570301,B5,TCN,0.9784703397979004,0.7597924572578273,0.21867788254007314
Allen VBN,506940,J30-5,TCN,0.9991670690442666,0.3372440975082509,0.6619229715360156
Allen VBN,510589,J30-5,TCN,0.998898237271213,0.41270263937075924,0.5861955979004537
Allen VBN,521466,J30-5,TCN,0.9987631845450068,0.620452924578833,0.37831025996617373
Allen VBN,524760,J30-5,TCN,0.9986489211692924,0.8594775401220156,0.13917138104727678
Allen VBN,524761,J30-5,TCN,0.9926806075035758,0.5522402628220289,0.4404403446815469
Allen VBN,527749,J30-5,TCN,0.9981510096984479,0.16161393032957244,0.8365370793688756
Allen VBN,531237,J30-5,TCN,0.9979740277071485,0.29982517050872437,0.6981488571984241
Allen VBN,544837,J30-5,TCN,0.9989257931471295,0.7796076015163192,0.21931819163081023
Allen VBN,546507,J30-5,TCN,0.9982916887277842,0.5137289573166861,0.48456273141109807
Allen VBN,563497,J30-5,TCN,0.9980374609906668,0.7263036380219277,0.27173382296873916
Allen VBN,567286,J30-5,TCN,0.998352571257627,0.8081930507518417,0.19015952050578533
Allen VBN,570301,J30-5,TCN,0.9906297436546767,0.5088416486630262,0.48178809499165054
Allen VBN,506940,Five-Missing Mean,TCN,0.9987201723336845,0.39150748604139396,0.6072126862922905
Allen VBN,510589,Five-Missing Mean,TCN,0.9988058072272606,0.5208751813659973,0.47793062586126334
Allen VBN,521466,Five-Missing Mean,TCN,0.998770617676659,0.7338860608697813,0.2648845568068777
Allen VBN,524760,Five-Missing Mean,TCN,0.9990423425103467,0.8964366346604156,0.10260570784993117
Allen VBN,524761,Five-Missing Mean,TCN,0.993184358321189,0.6794042376836049,0.3137801206375841
Allen VBN,527749,Five-Missing Mean,TCN,0.9989875226568232,0.2015328020805088,0.7974547205763144
Allen VBN,531237,Five-Missing Mean,TCN,0.9979446863870935,0.36680407429740136,0.6311406120896922
Allen VBN,544837,Five-Missing Mean,TCN,0.9994702591582177,0.8661378382909739,0.13333242086724384
Allen VBN,546507,Five-Missing Mean,TCN,0.9990284020265099,0.6688890355166743,0.33013936650983555
Allen VBN,563497,Five-Missing Mean,TCN,0.997728693708078,0.823161319458183,0.174567374249895
Allen VBN,567286,Five-Missing Mean,TCN,0.9971867157993636,0.8876615536590904,0.10952516214027319
Allen VBN,570301,Five-Missing Mean,TCN,0.9908780411676981,0.6549092339959153,0.3359688071717828
Allen VBN,506940,Five-Missing Worst,TCN,0.99689824647233,0.3177662237964733,0.6791320226758568
Allen VBN,510589,Five-Missing Worst,TCN,0.9975833746090441,0.38405752384474623,0.6135258507642979
Allen VBN,521466,Five-Missing Worst,TCN,0.9970128187361282,0.620452924578833,0.3765598941572952
Allen VBN,524760,Five-Missing Worst,TCN,0.9986489211692924,0.8594775401220156,0.13917138104727678
Allen VBN,524761,Five-Missing Worst,TCN,0.9912836884396283,0.5354885039674349,0.45579518447219347
Allen VBN,527749,Five-Missing Worst,TCN,0.9981510096984479,0.15282808047332608,0.8453229292251219
Allen VBN,531237,Five-Missing Worst,TCN,0.9975956306786893,0.288698992731154,0.7088966379475352
Allen VBN,544837,Five-Missing Worst,TCN,0.9989257931471295,0.7776170330193828,0.2213087601277467
Allen VBN,546507,Five-Missing Worst,TCN,0.9982916887277842,0.5014633219295638,0.4968283667982204
Allen VBN,563497,Five-Missing Worst,TCN,0.9944543159925402,0.7262436283645817,0.2682106876279585
Allen VBN,567286,Five-Missing Worst,TCN,0.9914331245177144,0.7914141812168454,0.200018943300869
Allen VBN,570301,Five-Missing Worst,TCN,0.9784703397979004,0.5044928683313679,0.4739774714665326
Allen VBN,506940,CLEAN,Transformer,0.9993131868131868,0.9851822590444131,0.014130927768773671
Allen VBN,510589,CLEAN,Transformer,0.999370673379484,0.9988071206189808,0.0005635527605032387
Allen VBN,521466,CLEAN,Transformer,1.0,0.9954291565319113,0.00457084346808867
Allen VBN,524760,CLEAN,Transformer,1.0,0.9976316566063044,0.0023683433936956266
Allen VBN,524761,CLEAN,Transformer,0.9940547691411913,0.9877993704409304,0.006255398700260928
Allen VBN,527749,CLEAN,Transformer,0.99937343358396,0.9972557494273001,0.002117684156659916
Allen VBN,531237,CLEAN,Transformer,0.9986983336298404,0.9842357174335294,0.014462616196310951
Allen VBN,544837,CLEAN,Transformer,1.0,0.9994043666790449,0.0005956333209551357
Allen VBN,546507,CLEAN,Transformer,0.9992748368382884,0.9978475717440839,0.001427265094204544
Allen VBN,563497,CLEAN,Transformer,0.9994206163997745,0.9990262696328553,0.0003943467669191847
Allen VBN,567286,CLEAN,Transformer,0.998834839707908,0.9989822759896443,-0.00014743628173630174
Allen VBN,570301,CLEAN,Transformer,0.9973451178808322,0.994176845883381,0.0031682719974512885
Allen VBN,506940,U30,Transformer,0.999327704108006,0.9602857425315736,0.03904196157643236
Allen VBN,510589,U30,Transformer,0.9991466844761818,0.9916816772464745,0.007465007229707332
Allen VBN,521466,U30,Transformer,0.9994108983799705,0.9902025713923234,0.009208326987647175
Allen VBN,524760,U30,Transformer,0.9988827272578561,0.9956655836104226,0.003217143647433529
Allen VBN,524761,U30,Transformer,0.9943629541652201,0.9769229870947826,0.01743996707043749
Allen VBN,527749,U30,Transformer,0.9993963993649462,0.9762881717465841,0.023108227618362065
Allen VBN,531237,U30,Transformer,0.9980727855223515,0.9529204046447539,0.04515238087759754
Allen VBN,544837,U30,Transformer,0.9998843262001156,0.9944822681407339,0.005402058059381654
Allen VBN,546507,U30,Transformer,0.9993354127168572,0.9853773639339746,0.013958048782882648
Allen VBN,563497,U30,Transformer,0.9990879796955279,0.9948680894553397,0.004219890240188207
Allen VBN,567286,U30,Transformer,0.9985473980734042,0.992545944621083,0.0060014534523211704
Allen VBN,570301,U30,Transformer,0.995630323226445,0.97976000341664,0.01587031980980491
Allen VBN,506940,SW-U30,Transformer,0.999327704108006,0.9602857425315736,0.03904196157643236
Allen VBN,510589,SW-U30,Transformer,0.9991466844761818,0.9916816772464745,0.007465007229707332
Allen VBN,521466,SW-U30,Transformer,0.9994108983799705,0.9902025713923234,0.009208326987647175
Allen VBN,524760,SW-U30,Transformer,0.9988827272578561,0.9956655836104226,0.003217143647433529
Allen VBN,524761,SW-U30,Transformer,0.9943629541652201,0.9769229870947826,0.01743996707043749
Allen VBN,527749,SW-U30,Transformer,0.9993963993649462,0.9762881717465841,0.023108227618362065
Allen VBN,531237,SW-U30,Transformer,0.9980727855223515,0.9529204046447539,0.04515238087759754
Allen VBN,544837,SW-U30,Transformer,0.9994216310005785,0.9881997344160094,0.011221896584569069
Allen VBN,546507,SW-U30,Transformer,0.9995951900422575,0.9885260440778592,0.011069145964398341
Allen VBN,563497,SW-U30,Transformer,0.9989211159002742,0.9935194461267839,0.005401669773490325
Allen VBN,567286,SW-U30,Transformer,0.9988002425740363,0.9925194720438515,0.0062807705301848316
Allen VBN,570301,SW-U30,Transformer,0.995246072217647,0.9852782305425976,0.009967841675049494
Allen VBN,506940,T5,Transformer,0.99689824647233,0.8658120350949421,0.13108621137738796
Allen VBN,510589,T5,Transformer,0.9992540553036824,0.9978323178616106,0.0014217374420717466
Allen VBN,521466,T5,Transformer,0.9992552883422183,0.9757638214512696,0.02349146689094872
Allen VBN,524760,T5,Transformer,0.999378056959644,0.9245889753518541,0.07478908160778985
Allen VBN,524761,T5,Transformer,0.9932315873323012,0.9621003941208612,0.031131193211439978
Allen VBN,527749,T5,Transformer,0.999256276289921,0.802068922668164,0.197187353621757
Allen VBN,531237,T5,Transformer,0.9975956306786893,0.9703707809885043,0.027224849690185016
Allen VBN,544837,T5,Transformer,0.9996729806071782,0.9650821904914595,0.03459079011571875
Allen VBN,546507,T5,Transformer,0.9984998491750199,0.9450472764773699,0.053452572697650025
Allen VBN,563497,T5,Transformer,0.9981425959613814,0.9612896483360962,0.03685294762528524
Allen VBN,567286,T5,Transformer,0.9988002425740363,0.9729661683911542,0.025834074182882083
Allen VBN,570301,T5,Transformer,0.9944137269418214,0.9006096527835536,0.09380407415826775
Allen VBN,506940,B5,Transformer,0.9988801379358148,0.8851592764494495,0.11372086148636529
Allen VBN,510589,B5,Transformer,0.9975833746090441,0.9475333575465813,0.050050017062462815
Allen VBN,521466,B5,Transformer,0.9970128187361282,0.9818828445719079,0.01512997416422035
Allen VBN,524760,B5,Transformer,0.9994192799070849,0.9952983707934351,0.004120909113649818
Allen VBN,524761,B5,Transformer,0.9912836884396283,0.9580982902147607,0.03318539822486766
Allen VBN,527749,B5,Transformer,0.9987375285658547,0.9626147251714514,0.036122803394403324
Allen VBN,531237,B5,Transformer,0.9980082025049268,0.9112218533010802,0.08678634920384665
Allen VBN,544837,B5,Transformer,0.9994465648360867,0.9929716507691717,0.006474914066915027
Allen VBN,546507,B5,Transformer,0.9994198694706308,0.9842319934212371,0.015187876049393645
Allen VBN,563497,B5,Transformer,0.9944543159925402,0.9866322316385336,0.007822084354006553
Allen VBN,567286,B5,Transformer,0.9914331245177144,0.9951913082419729,-0.0037581837242585125
Allen VBN,570301,B5,Transformer,0.9784703397979004,0.9568598234528469,0.02161051634505351
Allen VBN,506940,J30-5,Transformer,0.9991670690442666,0.950749739776487,0.04841732926777953
Allen VBN,510589,J30-5,Transformer,0.998898237271213,0.9446541616904011,0.0542440755808119
Allen VBN,521466,J30-5,Transformer,0.9987631845450068,0.933493930484595,0.06526925406041184
Allen VBN,524760,J30-5,Transformer,0.9986489211692924,0.9210298770577913,0.07761904411150111
Allen VBN,524761,J30-5,Transformer,0.9926806075035758,0.9146679374204041,0.0780126700831717
Allen VBN,527749,J30-5,Transformer,0.9981510096984479,0.7421166408754893,0.2560343688229586
Allen VBN,531237,J30-5,Transformer,0.9979740277071485,0.9365075321983245,0.06146649550882399
Allen VBN,544837,J30-5,Transformer,0.9989257931471295,0.9018109345012169,0.09711485864591263
Allen VBN,546507,J30-5,Transformer,0.9982916887277842,0.8787335925159443,0.11955809621183988
Allen VBN,563497,J30-5,Transformer,0.9980374609906668,0.9246865037506415,0.07335095724002527
Allen VBN,567286,J30-5,Transformer,0.998352571257627,0.9158471677062436,0.08250540355138336
Allen VBN,570301,J30-5,Transformer,0.9906297436546767,0.8470812166234774,0.14354852703119936
Allen VBN,506940,Five-Missing Mean,Transformer,0.9987201723336845,0.9244585072768052,0.07426166505687926
Allen VBN,510589,Five-Missing Mean,Transformer,0.9988058072272606,0.9746766383183084,0.024129168908952225
Allen VBN,521466,Five-Missing Mean,Transformer,0.998770617676659,0.9743091478584838,0.024461469818175208
Allen VBN,524760,Five-Missing Mean,Transformer,0.9990423425103467,0.966449678084785,0.032592664425561746
Allen VBN,524761,Five-Missing Mean,Transformer,0.993184358321189,0.9577425191891182,0.035441839132070774
Allen VBN,527749,Five-Missing Mean,Transformer,0.9989875226568232,0.8918753264416546,0.10711219621516865
Allen VBN,531237,Five-Missing Mean,Transformer,0.9979446863870935,0.9447881951554834,0.05315649123161015
Allen VBN,544837,Five-Missing Mean,Transformer,0.9994702591582177,0.9685093556637183,0.030960903494499425
Allen VBN,546507,Five-Missing Mean,Transformer,0.9990284020265099,0.956383254085277,0.042645147941232864
Allen VBN,563497,Five-Missing Mean,Transformer,0.997728693708078,0.972199183861479,0.025529509846599074
Allen VBN,567286,Five-Missing Mean,Transformer,0.9971867157993636,0.9738140122008611,0.02337270359850252
Allen VBN,570301,Five-Missing Mean,Transformer,0.9908780411676981,0.9339177853638232,0.05696025580387487
Allen VBN,506940,Five-Missing Worst,Transformer,0.99689824647233,0.854159879962906,0.14273836650942406
Allen VBN,510589,Five-Missing Worst,Transformer,0.9975833746090441,0.9351813736479517,0.062402000961092385
Allen VBN,521466,Five-Missing Worst,Transformer,0.9970128187361282,0.933493930484595,0.06351888825153329
Allen VBN,524760,Five-Missing Worst,Transformer,0.9986489211692924,0.9141456244507875,0.08450329671850487
Allen VBN,524761,Five-Missing Worst,Transformer,0.9912836884396283,0.8932750813679486,0.09800860707167969
Allen VBN,527749,Five-Missing Worst,Transformer,0.9981510096984479,0.7421166408754893,0.2560343688229586
Allen VBN,531237,Five-Missing Worst,Transformer,0.9975956306786893,0.9076028597033708,0.08999277097531844
Allen VBN,544837,Five-Missing Worst,Transformer,0.9989257931471295,0.9018109345012169,0.09711485864591263
Allen VBN,546507,Five-Missing Worst,Transformer,0.9982916887277842,0.8787335925159443,0.11955809621183988
Allen VBN,563497,Five-Missing Worst,Transformer,0.9944543159925402,0.9246865037506415,0.06976781224189865
Allen VBN,567286,Five-Missing Worst,Transformer,0.9914331245177144,0.9158471677062436,0.07558595681147073
Allen VBN,570301,Five-Missing Worst,Transformer,0.9784703397979004,0.8470812166234774,0.13138912317442308
CRCNS pvc-11,monkey1,CLEAN,SVM,0.9785714285714284,0.7464285714285714,0.23214285714285698
CRCNS pvc-11,monkey2,CLEAN,SVM,0.9964285714285712,0.8571428571428571,0.13928571428571412
CRCNS pvc-11,monkey3,CLEAN,SVM,0.9964285714285712,0.9232142857142858,0.07321428571428545
CRCNS pvc-11,monkey1,U30,SVM,0.9528571428571426,0.6321428571428571,0.3207142857142855
CRCNS pvc-11,monkey2,U30,SVM,0.9764285714285714,0.6860714285714286,0.29035714285714287
CRCNS pvc-11,monkey3,U30,SVM,0.997142857142857,0.8085714285714286,0.1885714285714284
CRCNS pvc-11,monkey1,SW-U30,SVM,0.9528571428571426,0.6321428571428571,0.3207142857142855
CRCNS pvc-11,monkey2,SW-U30,SVM,0.9764285714285714,0.6860714285714286,0.29035714285714287
CRCNS pvc-11,monkey3,SW-U30,SVM,0.997142857142857,0.8085714285714286,0.1885714285714284
CRCNS pvc-11,monkey1,T5,SVM,0.9457142857142855,0.6910714285714286,0.25464285714285695
CRCNS pvc-11,monkey2,T5,SVM,0.9864285714285714,0.8235714285714286,0.1628571428571428
CRCNS pvc-11,monkey3,T5,SVM,0.9985714285714284,0.8935714285714287,0.10499999999999976
CRCNS pvc-11,monkey1,B5,SVM,0.9285714285714286,0.7446428571428572,0.18392857142857144
CRCNS pvc-11,monkey2,B5,SVM,0.9821428571428573,0.8339285714285714,0.14821428571428596
CRCNS pvc-11,monkey3,B5,SVM,0.9964285714285712,0.9178571428571429,0.07857142857142829
CRCNS pvc-11,monkey1,J30-5,SVM,0.9285714285714285,0.5642857142857143,0.3642857142857142
CRCNS pvc-11,monkey2,J30-5,SVM,0.9628571428571429,0.6264285714285714,0.3364285714285714
CRCNS pvc-11,monkey3,J30-5,SVM,0.9935714285714285,0.7632142857142857,0.23035714285714282
CRCNS pvc-11,monkey1,Five-Missing Mean,SVM,0.9417142857142856,0.6528571428571428,0.2888571428571428
CRCNS pvc-11,monkey2,Five-Missing Mean,SVM,0.9768571428571429,0.7312142857142857,0.24564285714285716
CRCNS pvc-11,monkey3,Five-Missing Mean,SVM,0.9965714285714284,0.8383571428571429,0.15821428571428553
CRCNS pvc-11,monkey1,Five-Missing Worst,SVM,0.9285714285714285,0.5642857142857143,0.3642857142857142
CRCNS pvc-11,monkey2,Five-Missing Worst,SVM,0.9628571428571429,0.6264285714285714,0.3364285714285714
CRCNS pvc-11,monkey3,Five-Missing Worst,SVM,0.9935714285714285,0.7632142857142857,0.23035714285714282
CRCNS pvc-11,monkey1,CLEAN,SVD,0.9785714285714284,0.9339285714285714,0.044642857142856984
CRCNS pvc-11,monkey2,CLEAN,SVD,0.9964285714285712,0.9732142857142857,0.02321428571428552
CRCNS pvc-11,monkey3,CLEAN,SVD,0.9964285714285712,0.9928571428571427,0.0035714285714285587
CRCNS pvc-11,monkey1,U30,SVD,0.9528571428571426,0.9078571428571429,0.04499999999999971
CRCNS pvc-11,monkey2,U30,SVD,0.9764285714285714,0.9514285714285713,0.025000000000000133
CRCNS pvc-11,monkey3,U30,SVD,0.997142857142857,0.9739285714285714,0.023214285714285632
CRCNS pvc-11,monkey1,SW-U30,SVD,0.9528571428571426,0.9078571428571429,0.04499999999999971
CRCNS pvc-11,monkey2,SW-U30,SVD,0.9764285714285714,0.9514285714285713,0.025000000000000133
CRCNS pvc-11,monkey3,SW-U30,SVD,0.997142857142857,0.9739285714285714,0.023214285714285632
CRCNS pvc-11,monkey1,T5,SVD,0.9457142857142855,0.9132142857142858,0.03249999999999975
CRCNS pvc-11,monkey2,T5,SVD,0.9864285714285714,0.9682142857142857,0.01821428571428574
CRCNS pvc-11,monkey3,T5,SVD,0.9985714285714284,0.9792857142857141,0.01928571428571435
CRCNS pvc-11,monkey1,B5,SVD,0.9285714285714286,0.9339285714285714,-0.005357142857142838
CRCNS pvc-11,monkey2,B5,SVD,0.9821428571428573,0.9660714285714286,0.016071428571428736
CRCNS pvc-11,monkey3,B5,SVD,0.9964285714285712,0.9874999999999998,0.008928571428571397
CRCNS pvc-11,monkey1,J30-5,SVD,0.9285714285714285,0.8442857142857143,0.08428571428571419
CRCNS pvc-11,monkey2,J30-5,SVD,0.9628571428571429,0.9235714285714286,0.03928571428571426
CRCNS pvc-11,monkey3,J30-5,SVD,0.9935714285714285,0.9578571428571429,0.0357142857142857
CRCNS pvc-11,monkey1,Five-Missing Mean,SVD,0.9417142857142856,0.9014285714285715,0.04028571428571415
CRCNS pvc-11,monkey2,Five-Missing Mean,SVD,0.9768571428571429,0.9521428571428572,0.02471428571428569
CRCNS pvc-11,monkey3,Five-Missing Mean,SVD,0.9965714285714284,0.9744999999999999,0.02207142857142852
CRCNS pvc-11,monkey1,Five-Missing Worst,SVD,0.9285714285714285,0.8442857142857143,0.08428571428571419
CRCNS pvc-11,monkey2,Five-Missing Worst,SVD,0.9628571428571429,0.9235714285714286,0.03928571428571426
CRCNS pvc-11,monkey3,Five-Missing Worst,SVD,0.9935714285714285,0.9578571428571429,0.0357142857142857
CRCNS pvc-11,monkey1,CLEAN,CEBRA,0.9785714285714284,0.9864285714285714,-0.007857142857143007
CRCNS pvc-11,monkey2,CLEAN,CEBRA,0.9964285714285712,0.9914285714285713,0.004999999999999893
CRCNS pvc-11,monkey3,CLEAN,CEBRA,0.9964285714285712,0.9949999999999999,0.0014285714285713347
CRCNS pvc-11,monkey1,U30,CEBRA,0.9528571428571426,0.9575714285714285,-0.004714285714285893
CRCNS pvc-11,monkey2,U30,CEBRA,0.9764285714285714,0.9504285714285714,0.026000000000000023
CRCNS pvc-11,monkey3,U30,CEBRA,0.997142857142857,0.9899999999999999,0.0071428571428571175
CRCNS pvc-11,monkey1,SW-U30,CEBRA,0.9528571428571426,0.9575714285714285,-0.004714285714285893
CRCNS pvc-11,monkey2,SW-U30,CEBRA,0.9764285714285714,0.9504285714285714,0.026000000000000023
CRCNS pvc-11,monkey3,SW-U30,CEBRA,0.997142857142857,0.9899999999999999,0.0071428571428571175
CRCNS pvc-11,monkey1,T5,CEBRA,0.9457142857142855,0.9631428571428572,-0.017428571428571682
CRCNS pvc-11,monkey2,T5,CEBRA,0.9864285714285714,0.9847142857142858,0.0017142857142856682
CRCNS pvc-11,monkey3,T5,CEBRA,0.9985714285714284,0.9952857142857143,0.003285714285714114
CRCNS pvc-11,monkey1,B5,CEBRA,0.9285714285714286,0.9857142857142858,-0.05714285714285716
CRCNS pvc-11,monkey2,B5,CEBRA,0.9821428571428573,0.9828571428571429,-0.0007142857142855563
CRCNS pvc-11,monkey3,B5,CEBRA,0.9964285714285712,0.997142857142857,-0.0007142857142857784
CRCNS pvc-11,monkey1,J30-5,CEBRA,0.9285714285714285,0.8528571428571429,0.07571428571428562
CRCNS pvc-11,monkey2,J30-5,CEBRA,0.9628571428571429,0.8937142857142858,0.06914285714285706
CRCNS pvc-11,monkey3,J30-5,CEBRA,0.9935714285714285,0.9717142857142858,0.021857142857142797
CRCNS pvc-11,monkey1,Five-Missing Mean,CEBRA,0.9417142857142856,0.9433714285714286,-0.0016571428571430236
CRCNS pvc-11,monkey2,Five-Missing Mean,CEBRA,0.9768571428571429,0.9524285714285714,0.024428571428571466
CRCNS pvc-11,monkey3,Five-Missing Mean,CEBRA,0.9965714285714284,0.9888285714285715,0.00774285714285694
CRCNS pvc-11,monkey1,Five-Missing Worst,CEBRA,0.9285714285714285,0.8528571428571429,0.07571428571428562
CRCNS pvc-11,monkey2,Five-Missing Worst,CEBRA,0.9628571428571429,0.8937142857142858,0.06914285714285706
CRCNS pvc-11,monkey3,Five-Missing Worst,CEBRA,0.9935714285714285,0.9717142857142858,0.021857142857142797
CRCNS pvc-11,monkey1,CLEAN,GRU-D,0.9785714285714284,0.9421428571428571,0.036428571428571366
CRCNS pvc-11,monkey2,CLEAN,GRU-D,0.9964285714285712,0.9692857142857143,0.027142857142856913
CRCNS pvc-11,monkey3,CLEAN,GRU-D,0.9964285714285712,0.9400000000000001,0.05642857142857116
CRCNS pvc-11,monkey1,U30,GRU-D,0.9528571428571426,0.011999999999999985,0.9408571428571426
CRCNS pvc-11,monkey2,U30,GRU-D,0.9764285714285714,0.010714285714285707,0.9657142857142857
CRCNS pvc-11,monkey3,U30,GRU-D,0.997142857142857,0.017142857142857133,0.9799999999999999
CRCNS pvc-11,monkey1,SW-U30,GRU-D,0.9528571428571426,0.011999999999999985,0.9408571428571426
CRCNS pvc-11,monkey2,SW-U30,GRU-D,0.9764285714285714,0.010714285714285707,0.9657142857142857
CRCNS pvc-11,monkey3,SW-U30,GRU-D,0.997142857142857,0.017142857142857133,0.9799999999999999
CRCNS pvc-11,monkey1,T5,GRU-D,0.9457142857142855,0.24042857142857138,0.7052857142857141
CRCNS pvc-11,monkey2,T5,GRU-D,0.9864285714285714,0.1121428571428571,0.8742857142857143
CRCNS pvc-11,monkey3,T5,GRU-D,0.9985714285714284,0.18699999999999997,0.8115714285714285
CRCNS pvc-11,monkey1,B5,GRU-D,0.9285714285714286,0.14071428571428568,0.7878571428571429
CRCNS pvc-11,monkey2,B5,GRU-D,0.9821428571428573,0.08928571428571425,0.892857142857143
CRCNS pvc-11,monkey3,B5,GRU-D,0.9964285714285712,0.15499999999999997,0.8414285714285712
CRCNS pvc-11,monkey1,J30-5,GRU-D,0.9285714285714285,0.016714285714285692,0.9118571428571428
CRCNS pvc-11,monkey2,J30-5,GRU-D,0.9628571428571429,0.009285714285714272,0.9535714285714286
CRCNS pvc-11,monkey3,J30-5,GRU-D,0.9935714285714285,0.0051428571428571365,0.9884285714285714
CRCNS pvc-11,monkey1,Five-Missing Mean,GRU-D,0.9417142857142856,0.08437142857142854,0.8573428571428571
CRCNS pvc-11,monkey2,Five-Missing Mean,GRU-D,0.9768571428571429,0.04642857142857141,0.9304285714285715
CRCNS pvc-11,monkey3,Five-Missing Mean,GRU-D,0.9965714285714284,0.07628571428571426,0.9202857142857142
CRCNS pvc-11,monkey1,Five-Missing Worst,GRU-D,0.9285714285714285,0.007142857142857131,0.9214285714285714
CRCNS pvc-11,monkey2,Five-Missing Worst,GRU-D,0.9628571428571429,0.002999999999999996,0.9598571428571429
CRCNS pvc-11,monkey3,Five-Missing Worst,GRU-D,0.9935714285714285,0.0051428571428571365,0.9884285714285714
CRCNS pvc-11,monkey1,CLEAN,TCN,0.9785714285714284,0.8257142857142856,0.1528571428571428
CRCNS pvc-11,monkey2,CLEAN,TCN,0.9964285714285712,0.8885714285714286,0.10785714285714265
CRCNS pvc-11,monkey3,CLEAN,TCN,0.9964285714285712,0.9414285714285715,0.054999999999999716
CRCNS pvc-11,monkey1,U30,TCN,0.9528571428571426,0.6171428571428571,0.3357142857142855
CRCNS pvc-11,monkey2,U30,TCN,0.9764285714285714,0.5608571428571428,0.4155714285714286
CRCNS pvc-11,monkey3,U30,TCN,0.997142857142857,0.6981428571428572,0.2989999999999998
CRCNS pvc-11,monkey1,SW-U30,TCN,0.9528571428571426,0.6171428571428571,0.3357142857142855
CRCNS pvc-11,monkey2,SW-U30,TCN,0.9764285714285714,0.5608571428571428,0.4155714285714286
CRCNS pvc-11,monkey3,SW-U30,TCN,0.997142857142857,0.6981428571428572,0.2989999999999998
CRCNS pvc-11,monkey1,T5,TCN,0.9457142857142855,0.8029999999999999,0.14271428571428557
CRCNS pvc-11,monkey2,T5,TCN,0.9864285714285714,0.8671428571428571,0.11928571428571433
CRCNS pvc-11,monkey3,T5,TCN,0.9985714285714284,0.9137142857142859,0.08485714285714252
CRCNS pvc-11,monkey1,B5,TCN,0.9285714285714286,0.8300000000000001,0.09857142857142853
CRCNS pvc-11,monkey2,B5,TCN,0.9821428571428573,0.8692857142857143,0.11285714285714299
CRCNS pvc-11,monkey3,B5,TCN,0.9964285714285712,0.9321428571428572,0.06428571428571406
CRCNS pvc-11,monkey1,J30-5,TCN,0.9285714285714285,0.5938571428571429,0.33471428571428563
CRCNS pvc-11,monkey2,J30-5,TCN,0.9628571428571429,0.5397142857142857,0.42314285714285715
CRCNS pvc-11,monkey3,J30-5,TCN,0.9935714285714285,0.679142857142857,0.3144285714285715
CRCNS pvc-11,monkey1,Five-Missing Mean,TCN,0.9417142857142856,0.6922285714285714,0.2494857142857142
CRCNS pvc-11,monkey2,Five-Missing Mean,TCN,0.9768571428571429,0.6795714285714286,0.29728571428571426
CRCNS pvc-11,monkey3,Five-Missing Mean,TCN,0.9965714285714284,0.7842571428571429,0.21231428571428557
CRCNS pvc-11,monkey1,Five-Missing Worst,TCN,0.9285714285714285,0.5938571428571429,0.33471428571428563
CRCNS pvc-11,monkey2,Five-Missing Worst,TCN,0.9628571428571429,0.5397142857142857,0.42314285714285715
CRCNS pvc-11,monkey3,Five-Missing Worst,TCN,0.9935714285714285,0.679142857142857,0.3144285714285715
CRCNS pvc-11,monkey1,CLEAN,Transformer,0.9785714285714284,0.9221428571428572,0.05642857142857127
CRCNS pvc-11,monkey2,CLEAN,Transformer,0.9964285714285712,0.947857142857143,0.048571428571428266
CRCNS pvc-11,monkey3,CLEAN,Transformer,0.9964285714285712,0.9685714285714286,0.02785714285714258
CRCNS pvc-11,monkey1,U30,Transformer,0.9528571428571426,0.7004285714285714,0.2524285714285712
CRCNS pvc-11,monkey2,U30,Transformer,0.9764285714285714,0.587,0.38942857142857146
CRCNS pvc-11,monkey3,U30,Transformer,0.997142857142857,0.727,0.270142857142857
CRCNS pvc-11,monkey1,SW-U30,Transformer,0.9528571428571426,0.7004285714285714,0.2524285714285712
CRCNS pvc-11,monkey2,SW-U30,Transformer,0.9764285714285714,0.587,0.38942857142857146
CRCNS pvc-11,monkey3,SW-U30,Transformer,0.997142857142857,0.727,0.270142857142857
CRCNS pvc-11,monkey1,T5,Transformer,0.9457142857142855,0.8134285714285714,0.13228571428571412
CRCNS pvc-11,monkey2,T5,Transformer,0.9864285714285714,0.8672857142857143,0.1191428571428571
CRCNS pvc-11,monkey3,T5,Transformer,0.9985714285714284,0.9649999999999999,0.033571428571428585
CRCNS pvc-11,monkey1,B5,Transformer,0.9285714285714286,0.9200000000000002,0.008571428571428452
CRCNS pvc-11,monkey2,B5,Transformer,0.9821428571428573,0.9121428571428571,0.07000000000000017
CRCNS pvc-11,monkey3,B5,Transformer,0.9964285714285712,0.9664285714285713,0.029999999999999916
CRCNS pvc-11,monkey1,J30-5,Transformer,0.9285714285714285,0.5575714285714286,0.3709999999999999
CRCNS pvc-11,monkey2,J30-5,Transformer,0.9628571428571429,0.507,0.45585714285714285
CRCNS pvc-11,monkey3,J30-5,Transformer,0.9935714285714285,0.6544285714285715,0.3391428571428571
CRCNS pvc-11,monkey1,Five-Missing Mean,Transformer,0.9417142857142856,0.7383714285714286,0.20334285714285705
CRCNS pvc-11,monkey2,Five-Missing Mean,Transformer,0.9768571428571429,0.6920857142857143,0.28477142857142856
CRCNS pvc-11,monkey3,Five-Missing Mean,Transformer,0.9965714285714284,0.8079714285714286,0.18859999999999988
CRCNS pvc-11,monkey1,Five-Missing Worst,Transformer,0.9285714285714285,0.5575714285714286,0.3709999999999999
CRCNS pvc-11,monkey2,Five-Missing Worst,Transformer,0.9628571428571429,0.507,0.45585714285714285
CRCNS pvc-11,monkey3,Five-Missing Worst,Transformer,0.9935714285714285,0.6544285714285715,0.3391428571428571
