check,path,exists,status,observed,expected
A6 formal root,<PROJECT_ROOT>\unified_17_session_authentic_rerun_a6_20260808_185006,True,PASS,,
A9R R6 root,<PROJECT_ROOT>\mmrvd_r6_retrospective_a7s_a9r_20260815_131101,True,PASS,,
A9 selected R6 config,<PROJECT_ROOT>\mmrvd_secondgen_development_a9_20260814_171047\10_variant_selection\FINAL_MMRVD_SECONDGEN_CONFIG_A9.json,True,PASS,,
R2 freeze manifest,<PROJECT_ROOT>\submission_R1_posttraining_convergence_audit_R2_20260901\FINAL_R2_FOUR_BASELINE_MODEL_FREEZE_MANIFEST.json,True,PASS,,
R3 heldout root,<PROJECT_ROOT>\submission_one_shot_heldout_evaluation_R3_20260902,True,PASS,,
R4 final manifest,<PROJECT_ROOT>\submission_final_seven_model_aggregation_R4_20260902\FINAL_R4_SEVEN_MODEL_RESULTS_FREEZE_MANIFEST.json,True,PASS,,
R4 CLEAN/U30/T5 source,<PROJECT_ROOT>\submission_final_seven_model_aggregation_R4_20260902\06_R4_SESSION_LEVEL_ENDPOINTS.csv,True,PASS,,
R4 strongest baseline,<PROJECT_ROOT>\submission_final_seven_model_aggregation_R4_20260902\11_R4_OVERALL_STRONGEST_BASELINE.csv,True,PASS,,
CN-BalAcc implementation,<PROJECT_ROOT>\src\mm_rvd\evaluator.py,True,PASS,,
Protocol freeze directory,<PROJECT_ROOT>\submission_final_unified_protocol_freeze_20260829,True,PASS,,
17 formal sessions,,,PASS,17,17
15 animal mapping rows unique,,,PASS,15,15
R4 strongest baseline fixed,,,PASS,"{""Allen VBN"": ""SVM"", ""CRCNS pvc-11"": ""CEBRA""}",Allen VBN=SVM; CRCNS pvc-11=CEBRA
formal U30 masks located,,,PASS,85,85
formal T5 masks located,,,PASS,85,85
Allen VBN/1069458330/fit split,E:\ENTO_code_workspace\mm_rvd_v1\formal_splits\1069458330\fit_trial_ids.npy,True,PASS,,
Allen VBN/1069458330/screening split,E:\ENTO_code_workspace\mm_rvd_v1\formal_splits\1069458330\screening_trial_ids.npy,True,PASS,,
Allen VBN/1069458330/U30 mask bank,E:\ENTO_code_workspace\mm_rvd_v1\mask_banks\1069458330\u30_mask_bank.npz,True,PASS,,
Allen VBN/1069458330/T5 mask bank,E:\ENTO_code_workspace\mm_rvd_v1\mask_banks\1069458330\t5_mask_bank.npz,True,PASS,,
Allen VBN/1072567062/fit split,E:\ENTO_code_workspace\mm_rvd_v1\formal_splits\1072567062\fit_trial_ids.npy,True,PASS,,
Allen VBN/1072567062/screening split,E:\ENTO_code_workspace\mm_rvd_v1\formal_splits\1072567062\screening_trial_ids.npy,True,PASS,,
Allen VBN/1072567062/U30 mask bank,E:\ENTO_code_workspace\mm_rvd_v1\mask_banks\1072567062\u30_mask_bank.npz,True,PASS,,
Allen VBN/1072567062/T5 mask bank,E:\ENTO_code_workspace\mm_rvd_v1\mask_banks\1072567062\t5_mask_bank.npz,True,PASS,,
Allen VBN/1104289498/fit split,E:\ENTO_code_workspace\mm_rvd_v1\formal_splits\1104289498\fit_trial_ids.npy,True,PASS,,
Allen VBN/1104289498/screening split,E:\ENTO_code_workspace\mm_rvd_v1\formal_splits\1104289498\screening_trial_ids.npy,True,PASS,,
Allen VBN/1104289498/U30 mask bank,E:\ENTO_code_workspace\mm_rvd_v1\mask_banks\1104289498\u30_mask_bank.npz,True,PASS,,
Allen VBN/1104289498/T5 mask bank,E:\ENTO_code_workspace\mm_rvd_v1\mask_banks\1104289498\t5_mask_bank.npz,True,PASS,,
Allen VBN/1104058216/fit split,E:\ENTO_code_workspace\mm_rvd_v1\formal_splits\1104058216\fit_trial_ids.npy,True,PASS,,
Allen VBN/1104058216/screening split,E:\ENTO_code_workspace\mm_rvd_v1\formal_splits\1104058216\screening_trial_ids.npy,True,PASS,,
Allen VBN/1104058216/U30 mask bank,E:\ENTO_code_workspace\mm_rvd_v1\mask_banks\1104058216\u30_mask_bank.npz,True,PASS,,
Allen VBN/1104058216/T5 mask bank,E:\ENTO_code_workspace\mm_rvd_v1\mask_banks\1104058216\t5_mask_bank.npz,True,PASS,,
Allen VBN/1105798776/fit split,E:\ENTO_code_workspace\mm_rvd_v1\formal_splits\1105798776\fit_trial_ids.npy,True,PASS,,
Allen VBN/1105798776/screening split,E:\ENTO_code_workspace\mm_rvd_v1\formal_splits\1105798776\screening_trial_ids.npy,True,PASS,,
Allen VBN/1105798776/U30 mask bank,E:\ENTO_code_workspace\mm_rvd_v1\mask_banks\1105798776\u30_mask_bank.npz,True,PASS,,
Allen VBN/1105798776/T5 mask bank,E:\ENTO_code_workspace\mm_rvd_v1\mask_banks\1105798776\t5_mask_bank.npz,True,PASS,,
Allen VBN/1108531612/fit split,E:\ENTO_code_workspace\mm_rvd_v1\formal_splits\1108531612\fit_trial_ids.npy,True,PASS,,
Allen VBN/1108531612/screening split,E:\ENTO_code_workspace\mm_rvd_v1\formal_splits\1108531612\screening_trial_ids.npy,True,PASS,,
Allen VBN/1108531612/U30 mask bank,E:\ENTO_code_workspace\mm_rvd_v1\mask_banks\1108531612\u30_mask_bank.npz,True,PASS,,
Allen VBN/1108531612/T5 mask bank,E:\ENTO_code_workspace\mm_rvd_v1\mask_banks\1108531612\t5_mask_bank.npz,True,PASS,,
Allen VBN/1044016459/fit split,E:\ENTO_code_workspace\mm_rvd_v1\dataset_expansion_v1\formal_splits\1044016459\fit_trial_ids.npy,True,PASS,,
Allen VBN/1044016459/screening split,E:\ENTO_code_workspace\mm_rvd_v1\dataset_expansion_v1\formal_splits\1044016459\screening_trial_ids.npy,True,PASS,,
Allen VBN/1044016459/U30 mask bank,E:\ENTO_code_workspace\mm_rvd_v1\dataset_expansion_v1\mask_banks\1044016459\u30_mask_bank.npz,True,PASS,,
Allen VBN/1044016459/T5 mask bank,E:\ENTO_code_workspace\mm_rvd_v1\dataset_expansion_v1\mask_banks\1044016459\t5_mask_bank.npz,True,PASS,,
Allen VBN/1044385384/fit split,E:\ENTO_code_workspace\mm_rvd_v1\dataset_expansion_v1\formal_splits\1044385384\fit_trial_ids.npy,True,PASS,,
Allen VBN/1044385384/screening split,E:\ENTO_code_workspace\mm_rvd_v1\dataset_expansion_v1\formal_splits\1044385384\screening_trial_ids.npy,True,PASS,,
Allen VBN/1044385384/U30 mask bank,E:\ENTO_code_workspace\mm_rvd_v1\dataset_expansion_v1\mask_banks\1044385384\u30_mask_bank.npz,True,PASS,,
Allen VBN/1044385384/T5 mask bank,E:\ENTO_code_workspace\mm_rvd_v1\dataset_expansion_v1\mask_banks\1044385384\t5_mask_bank.npz,True,PASS,,
Allen VBN/1044389060/fit split,E:\ENTO_code_workspace\mm_rvd_v1\dataset_expansion_v1\formal_splits\1044389060\fit_trial_ids.npy,True,PASS,,
Allen VBN/1044389060/screening split,E:\ENTO_code_workspace\mm_rvd_v1\dataset_expansion_v1\formal_splits\1044389060\screening_trial_ids.npy,True,PASS,,
Allen VBN/1044389060/U30 mask bank,E:\ENTO_code_workspace\mm_rvd_v1\dataset_expansion_v1\mask_banks\1044389060\u30_mask_bank.npz,True,PASS,,
Allen VBN/1044389060/T5 mask bank,E:\ENTO_code_workspace\mm_rvd_v1\dataset_expansion_v1\mask_banks\1044389060\t5_mask_bank.npz,True,PASS,,
Allen VBN/1044594870/fit split,E:\ENTO_code_workspace\mm_rvd_v1\dataset_expansion_v1\formal_splits\1044594870\fit_trial_ids.npy,True,PASS,,
Allen VBN/1044594870/screening split,E:\ENTO_code_workspace\mm_rvd_v1\dataset_expansion_v1\formal_splits\1044594870\screening_trial_ids.npy,True,PASS,,
Allen VBN/1044594870/U30 mask bank,E:\ENTO_code_workspace\mm_rvd_v1\dataset_expansion_v1\mask_banks\1044594870\u30_mask_bank.npz,True,PASS,,
Allen VBN/1044594870/T5 mask bank,E:\ENTO_code_workspace\mm_rvd_v1\dataset_expansion_v1\mask_banks\1044594870\t5_mask_bank.npz,True,PASS,,
Allen VBN/1049514117/fit split,E:\ENTO_code_workspace\mm_rvd_v1\dataset_expansion_v1\formal_splits\1049514117\fit_trial_ids.npy,True,PASS,,
Allen VBN/1049514117/screening split,E:\ENTO_code_workspace\mm_rvd_v1\dataset_expansion_v1\formal_splits\1049514117\screening_trial_ids.npy,True,PASS,,
Allen VBN/1049514117/U30 mask bank,E:\ENTO_code_workspace\mm_rvd_v1\dataset_expansion_v1\mask_banks\1049514117\u30_mask_bank.npz,True,PASS,,
Allen VBN/1049514117/T5 mask bank,E:\ENTO_code_workspace\mm_rvd_v1\dataset_expansion_v1\mask_banks\1049514117\t5_mask_bank.npz,True,PASS,,
Allen VBN/1051155866/fit split,E:\ENTO_code_workspace\mm_rvd_v1\dataset_expansion_v1\formal_splits\1051155866\fit_trial_ids.npy,True,PASS,,
Allen VBN/1051155866/screening split,E:\ENTO_code_workspace\mm_rvd_v1\dataset_expansion_v1\formal_splits\1051155866\screening_trial_ids.npy,True,PASS,,
Allen VBN/1051155866/U30 mask bank,E:\ENTO_code_workspace\mm_rvd_v1\dataset_expansion_v1\mask_banks\1051155866\u30_mask_bank.npz,True,PASS,,
Allen VBN/1051155866/T5 mask bank,E:\ENTO_code_workspace\mm_rvd_v1\dataset_expansion_v1\mask_banks\1051155866\t5_mask_bank.npz,True,PASS,,
Allen VBN/1053718935/fit split,E:\ENTO_code_workspace\mm_rvd_v1\dataset_expansion_v1\formal_splits\1053718935\fit_trial_ids.npy,True,PASS,,
Allen VBN/1053718935/screening split,E:\ENTO_code_workspace\mm_rvd_v1\dataset_expansion_v1\formal_splits\1053718935\screening_trial_ids.npy,True,PASS,,
Allen VBN/1053718935/U30 mask bank,E:\ENTO_code_workspace\mm_rvd_v1\dataset_expansion_v1\mask_banks\1053718935\u30_mask_bank.npz,True,PASS,,
Allen VBN/1053718935/T5 mask bank,E:\ENTO_code_workspace\mm_rvd_v1\dataset_expansion_v1\mask_banks\1053718935\t5_mask_bank.npz,True,PASS,,
Allen VBN/1056495334/fit split,E:\ENTO_code_workspace\mm_rvd_v1\dataset_expansion_v1\formal_splits\1056495334\fit_trial_ids.npy,True,PASS,,
Allen VBN/1056495334/screening split,E:\ENTO_code_workspace\mm_rvd_v1\dataset_expansion_v1\formal_splits\1056495334\screening_trial_ids.npy,True,PASS,,
Allen VBN/1056495334/U30 mask bank,E:\ENTO_code_workspace\mm_rvd_v1\dataset_expansion_v1\mask_banks\1056495334\u30_mask_bank.npz,True,PASS,,
Allen VBN/1056495334/T5 mask bank,E:\ENTO_code_workspace\mm_rvd_v1\dataset_expansion_v1\mask_banks\1056495334\t5_mask_bank.npz,True,PASS,,
CRCNS pvc-11/data_monkey1_gratings/fit split,E:\ENTO_code_workspace\mm_rvd_v1\dataset_expansion_v1\formal_splits\data_monkey1_gratings\fit_trial_ids.npy,True,PASS,,
CRCNS pvc-11/data_monkey1_gratings/screening split,E:\ENTO_code_workspace\mm_rvd_v1\dataset_expansion_v1\formal_splits\data_monkey1_gratings\screening_trial_ids.npy,True,PASS,,
CRCNS pvc-11/data_monkey1_gratings/U30 mask bank,E:\ENTO_code_workspace\mm_rvd_v1\dataset_expansion_v1\mask_banks\data_monkey1_gratings\u30_mask_bank.npz,True,PASS,,
CRCNS pvc-11/data_monkey1_gratings/T5 mask bank,E:\ENTO_code_workspace\mm_rvd_v1\dataset_expansion_v1\mask_banks\data_monkey1_gratings\t5_mask_bank.npz,True,PASS,,
CRCNS pvc-11/data_monkey2_gratings/fit split,E:\ENTO_code_workspace\mm_rvd_v1\dataset_expansion_v1\formal_splits\data_monkey2_gratings\fit_trial_ids.npy,True,PASS,,
CRCNS pvc-11/data_monkey2_gratings/screening split,E:\ENTO_code_workspace\mm_rvd_v1\dataset_expansion_v1\formal_splits\data_monkey2_gratings\screening_trial_ids.npy,True,PASS,,
CRCNS pvc-11/data_monkey2_gratings/U30 mask bank,E:\ENTO_code_workspace\mm_rvd_v1\dataset_expansion_v1\mask_banks\data_monkey2_gratings\u30_mask_bank.npz,True,PASS,,
CRCNS pvc-11/data_monkey2_gratings/T5 mask bank,E:\ENTO_code_workspace\mm_rvd_v1\dataset_expansion_v1\mask_banks\data_monkey2_gratings\t5_mask_bank.npz,True,PASS,,
CRCNS pvc-11/data_monkey3_gratings/fit split,E:\ENTO_code_workspace\mm_rvd_v1\dataset_expansion_v1\formal_splits\data_monkey3_gratings\fit_trial_ids.npy,True,PASS,,
CRCNS pvc-11/data_monkey3_gratings/screening split,E:\ENTO_code_workspace\mm_rvd_v1\dataset_expansion_v1\formal_splits\data_monkey3_gratings\screening_trial_ids.npy,True,PASS,,
CRCNS pvc-11/data_monkey3_gratings/U30 mask bank,E:\ENTO_code_workspace\mm_rvd_v1\dataset_expansion_v1\mask_banks\data_monkey3_gratings\u30_mask_bank.npz,True,PASS,,
CRCNS pvc-11/data_monkey3_gratings/T5 mask bank,E:\ENTO_code_workspace\mm_rvd_v1\dataset_expansion_v1\mask_banks\data_monkey3_gratings\t5_mask_bank.npz,True,PASS,,
