dataset,animal,model,severity_type,severity_value,severity_unit,CN_BalAcc,n_sessions_contributing
Allen VBN,506940,MM-RVD,CLEAN_REFERENCE,0.0,none,0.9993131868131868,1
Allen VBN,506940,MM-RVD,TEMPORAL,2.0,bins,0.9995879120879121,1
Allen VBN,506940,MM-RVD,TEMPORAL,3.0,bins,0.9985185407043546,1
Allen VBN,506940,MM-RVD,TEMPORAL,5.0,bins,0.99689824647233,1
Allen VBN,506940,MM-RVD,TEMPORAL,7.0,bins,0.9970475608828734,1
Allen VBN,506940,MM-RVD,TEMPORAL,10.0,bins,0.992508068234347,1
Allen VBN,506940,MM-RVD,UNIT,0.1,proportion,0.9997252747252748,1
Allen VBN,506940,MM-RVD,UNIT,0.2,proportion,0.9997252747252748,1
Allen VBN,506940,MM-RVD,UNIT,0.3,proportion,0.999327704108006,1
Allen VBN,506940,MM-RVD,UNIT,0.4,proportion,0.9995879120879121,1
Allen VBN,506940,MM-RVD,UNIT,0.5,proportion,0.9986851765675187,1
Allen VBN,506940,SVM,CLEAN_REFERENCE,0.0,none,0.9769891811669158,1
Allen VBN,506940,SVM,TEMPORAL,2.0,bins,0.9743842699268107,1
Allen VBN,506940,SVM,TEMPORAL,3.0,bins,0.9689079450174767,1
Allen VBN,506940,SVM,TEMPORAL,5.0,bins,0.9455704141425222,1
Allen VBN,506940,SVM,TEMPORAL,7.0,bins,0.9361973507153933,1
Allen VBN,506940,SVM,TEMPORAL,10.0,bins,0.8674545088057486,1
Allen VBN,506940,SVM,UNIT,0.1,proportion,0.9746754382939531,1
Allen VBN,506940,SVM,UNIT,0.2,proportion,0.9676702995635027,1
Allen VBN,506940,SVM,UNIT,0.3,proportion,0.9633644648735115,1
Allen VBN,506940,SVM,UNIT,0.4,proportion,0.9561612402425061,1
Allen VBN,506940,SVM,UNIT,0.5,proportion,0.936853331342975,1
Allen VBN,510589,MM-RVD,CLEAN_REFERENCE,0.0,none,0.999370673379484,1
Allen VBN,510589,MM-RVD,TEMPORAL,2.0,bins,0.9992540553036824,1
Allen VBN,510589,MM-RVD,TEMPORAL,3.0,bins,0.9986557538713081,1
Allen VBN,510589,MM-RVD,TEMPORAL,5.0,bins,0.9992540553036824,1
Allen VBN,510589,MM-RVD,TEMPORAL,7.0,bins,0.9987647664204271,1
Allen VBN,510589,MM-RVD,TEMPORAL,10.0,bins,0.9986202437596592,1
Allen VBN,510589,MM-RVD,UNIT,0.1,proportion,0.9993706733794842,1
Allen VBN,510589,MM-RVD,UNIT,0.2,proportion,0.9993706733794842,1
Allen VBN,510589,MM-RVD,UNIT,0.3,proportion,0.9991466844761818,1
Allen VBN,510589,MM-RVD,UNIT,0.4,proportion,0.9990300664003803,1
Allen VBN,510589,MM-RVD,UNIT,0.5,proportion,0.9990056080987133,1
Allen VBN,510589,SVM,CLEAN_REFERENCE,0.0,none,0.9844459416836194,1
Allen VBN,510589,SVM,TEMPORAL,2.0,bins,0.9826775897280295,1
Allen VBN,510589,SVM,TEMPORAL,3.0,bins,0.9801993664279256,1
Allen VBN,510589,SVM,TEMPORAL,5.0,bins,0.9866867212585616,1
Allen VBN,510589,SVM,TEMPORAL,7.0,bins,0.9772232370210594,1
Allen VBN,510589,SVM,TEMPORAL,10.0,bins,0.9550574818626572,1
Allen VBN,510589,SVM,UNIT,0.1,proportion,0.9825227376556034,1
Allen VBN,510589,SVM,UNIT,0.2,proportion,0.9785914763826193,1
Allen VBN,510589,SVM,UNIT,0.3,proportion,0.9783507970580574,1
Allen VBN,510589,SVM,UNIT,0.4,proportion,0.9708979915306883,1
Allen VBN,510589,SVM,UNIT,0.5,proportion,0.9661230160018188,1
Allen VBN,521466,MM-RVD,CLEAN_REFERENCE,0.0,none,1.0,1
Allen VBN,521466,MM-RVD,TEMPORAL,2.0,bins,0.9992792328105169,1
Allen VBN,521466,MM-RVD,TEMPORAL,3.0,bins,0.999549839152233,1
Allen VBN,521466,MM-RVD,TEMPORAL,5.0,bins,0.9992552883422183,1
Allen VBN,521466,MM-RVD,TEMPORAL,7.0,bins,0.9985577558185081,1
Allen VBN,521466,MM-RVD,TEMPORAL,10.0,bins,0.9961153134061824,1
Allen VBN,521466,MM-RVD,UNIT,0.1,proportion,0.9995581737849779,1
Allen VBN,521466,MM-RVD,UNIT,0.2,proportion,0.9992552883422183,1
Allen VBN,521466,MM-RVD,UNIT,0.3,proportion,0.9994108983799705,1
Allen VBN,521466,MM-RVD,UNIT,0.4,proportion,0.9991450693294386,1
Allen VBN,521466,MM-RVD,UNIT,0.5,proportion,0.9987964540285315,1
Allen VBN,521466,SVM,CLEAN_REFERENCE,0.0,none,0.9901531283077836,1
Allen VBN,521466,SVM,TEMPORAL,2.0,bins,0.9904250903426683,1
Allen VBN,521466,SVM,TEMPORAL,3.0,bins,0.9895359930283449,1
Allen VBN,521466,SVM,TEMPORAL,5.0,bins,0.9878326599491942,1
Allen VBN,521466,SVM,TEMPORAL,7.0,bins,0.9795651256951055,1
Allen VBN,521466,SVM,TEMPORAL,10.0,bins,0.9421404264638731,1
Allen VBN,521466,SVM,UNIT,0.1,proportion,0.9898910559854097,1
Allen VBN,521466,SVM,UNIT,0.2,proportion,0.9881363232053127,1
Allen VBN,521466,SVM,UNIT,0.3,proportion,0.9864076173944125,1
Allen VBN,521466,SVM,UNIT,0.4,proportion,0.9819097435448922,1
Allen VBN,521466,SVM,UNIT,0.5,proportion,0.9724277012085394,1
Allen VBN,524760,MM-RVD,CLEAN_REFERENCE,0.0,none,1.0,1
Allen VBN,524760,MM-RVD,TEMPORAL,2.0,bins,0.9992311593136053,1
Allen VBN,524760,MM-RVD,TEMPORAL,3.0,bins,0.9997497178191097,1
Allen VBN,524760,MM-RVD,TEMPORAL,5.0,bins,0.999378056959644,1
Allen VBN,524760,MM-RVD,TEMPORAL,7.0,bins,0.9988647331141319,1
Allen VBN,524760,MM-RVD,TEMPORAL,10.0,bins,0.9973160652059343,1
Allen VBN,524760,MM-RVD,UNIT,0.1,proportion,0.9996335738005268,1
Allen VBN,524760,MM-RVD,UNIT,0.2,proportion,0.9996335738005268,1
Allen VBN,524760,MM-RVD,UNIT,0.3,proportion,0.9988827272578561,1
Allen VBN,524760,MM-RVD,UNIT,0.4,proportion,0.9990435921968637,1
Allen VBN,524760,MM-RVD,UNIT,0.5,proportion,0.9985342952021069,1
Allen VBN,524760,SVM,CLEAN_REFERENCE,0.0,none,0.9901241988300041,1
Allen VBN,524760,SVM,TEMPORAL,2.0,bins,0.9886054235069609,1
Allen VBN,524760,SVM,TEMPORAL,3.0,bins,0.9873134280631631,1
Allen VBN,524760,SVM,TEMPORAL,5.0,bins,0.983148374503813,1
Allen VBN,524760,SVM,TEMPORAL,7.0,bins,0.9745229874848493,1
Allen VBN,524760,SVM,TEMPORAL,10.0,bins,0.9321352170405246,1
Allen VBN,524760,SVM,UNIT,0.1,proportion,0.9871536625970664,1
Allen VBN,524760,SVM,UNIT,0.2,proportion,0.9872772117865877,1
Allen VBN,524760,SVM,UNIT,0.3,proportion,0.983983414516059,1
Allen VBN,524760,SVM,UNIT,0.4,proportion,0.9797586805312933,1
Allen VBN,524760,SVM,UNIT,0.5,proportion,0.9731260647311,1
Allen VBN,524761,MM-RVD,CLEAN_REFERENCE,0.0,none,0.9940547691411913,2
Allen VBN,524761,MM-RVD,TEMPORAL,2.0,bins,0.9941308740052823,2
Allen VBN,524761,MM-RVD,TEMPORAL,3.0,bins,0.9940094284027841,2
Allen VBN,524761,MM-RVD,TEMPORAL,5.0,bins,0.9932315873323012,2
Allen VBN,524761,MM-RVD,TEMPORAL,7.0,bins,0.9924393969950864,2
Allen VBN,524761,MM-RVD,TEMPORAL,10.0,bins,0.9890041272550765,2
Allen VBN,524761,MM-RVD,UNIT,0.1,proportion,0.9939580672689972,2
Allen VBN,524761,MM-RVD,UNIT,0.2,proportion,0.9938481530250205,2
Allen VBN,524761,MM-RVD,UNIT,0.3,proportion,0.9943629541652201,2
Allen VBN,524761,MM-RVD,UNIT,0.4,proportion,0.9933686625746553,2
Allen VBN,524761,MM-RVD,UNIT,0.5,proportion,0.9928535569381097,2
Allen VBN,524761,SVM,CLEAN_REFERENCE,0.0,none,0.9830138688598833,2
Allen VBN,524761,SVM,TEMPORAL,2.0,bins,0.9803334456795739,2
Allen VBN,524761,SVM,TEMPORAL,3.0,bins,0.9770015461874068,2
Allen VBN,524761,SVM,TEMPORAL,5.0,bins,0.9751342768675819,2
Allen VBN,524761,SVM,TEMPORAL,7.0,bins,0.9582103525605883,2
Allen VBN,524761,SVM,TEMPORAL,10.0,bins,0.9129120951102861,2
Allen VBN,524761,SVM,UNIT,0.1,proportion,0.980048274919256,2
Allen VBN,524761,SVM,UNIT,0.2,proportion,0.9773960888463538,2
Allen VBN,524761,SVM,UNIT,0.3,proportion,0.9732965366927602,2
Allen VBN,524761,SVM,UNIT,0.4,proportion,0.9640358156204396,2
Allen VBN,524761,SVM,UNIT,0.5,proportion,0.956526982900376,2
Allen VBN,527749,MM-RVD,CLEAN_REFERENCE,0.0,none,0.99937343358396,1
Allen VBN,527749,MM-RVD,TEMPORAL,2.0,bins,0.999749373433584,1
Allen VBN,527749,MM-RVD,TEMPORAL,3.0,bins,0.99912362842338,1
Allen VBN,527749,MM-RVD,TEMPORAL,5.0,bins,0.999256276289921,1
Allen VBN,527749,MM-RVD,TEMPORAL,7.0,bins,0.9994987468671681,1
Allen VBN,527749,MM-RVD,TEMPORAL,10.0,bins,0.9982701328995705,1
Allen VBN,527749,MM-RVD,UNIT,0.1,proportion,0.9994987468671681,1
Allen VBN,527749,MM-RVD,UNIT,0.2,proportion,0.9994987468671679,1
Allen VBN,527749,MM-RVD,UNIT,0.3,proportion,0.9993963993649462,1
Allen VBN,527749,MM-RVD,UNIT,0.4,proportion,0.9996355430408691,1
Allen VBN,527749,MM-RVD,UNIT,0.5,proportion,0.9995102297576611,1
Allen VBN,527749,SVM,CLEAN_REFERENCE,0.0,none,0.990914885830914,1
Allen VBN,527749,SVM,TEMPORAL,2.0,bins,0.9898994644439235,1
Allen VBN,527749,SVM,TEMPORAL,3.0,bins,0.9886052414738153,1
Allen VBN,527749,SVM,TEMPORAL,5.0,bins,0.9721101964035177,1
Allen VBN,527749,SVM,TEMPORAL,7.0,bins,0.9800555017176311,1
Allen VBN,527749,SVM,TEMPORAL,10.0,bins,0.9527004097184685,1
Allen VBN,527749,SVM,UNIT,0.1,proportion,0.9894345088287135,1
Allen VBN,527749,SVM,UNIT,0.2,proportion,0.9881588375210808,1
Allen VBN,527749,SVM,UNIT,0.3,proportion,0.9831811152165892,1
Allen VBN,527749,SVM,UNIT,0.4,proportion,0.9785818472588814,1
Allen VBN,527749,SVM,UNIT,0.5,proportion,0.9745294346867848,1
Allen VBN,531237,MM-RVD,CLEAN_REFERENCE,0.0,none,0.9986983336298404,1
Allen VBN,531237,MM-RVD,TEMPORAL,2.0,bins,0.9984520282111212,1
Allen VBN,531237,MM-RVD,TEMPORAL,3.0,bins,0.9981990053718915,1
Allen VBN,531237,MM-RVD,TEMPORAL,5.0,bins,0.9975956306786893,1
Allen VBN,531237,MM-RVD,TEMPORAL,7.0,bins,0.9968706591077083,1
Allen VBN,531237,MM-RVD,TEMPORAL,10.0,bins,0.9934981950970092,1
Allen VBN,531237,MM-RVD,UNIT,0.1,proportion,0.9983288755017616,1
Allen VBN,531237,MM-RVD,UNIT,0.2,proportion,0.9983288755017616,1
Allen VBN,531237,MM-RVD,UNIT,0.3,proportion,0.9980727855223515,1
Allen VBN,531237,MM-RVD,UNIT,0.4,proportion,0.9979699760229209,1
Allen VBN,531237,MM-RVD,UNIT,0.5,proportion,0.9964409280960844,1
Allen VBN,531237,SVM,CLEAN_REFERENCE,0.0,none,0.9546449139229309,1
Allen VBN,531237,SVM,TEMPORAL,2.0,bins,0.9497981755092657,1
Allen VBN,531237,SVM,TEMPORAL,3.0,bins,0.94451280740199,1
Allen VBN,531237,SVM,TEMPORAL,5.0,bins,0.9481307991170951,1
Allen VBN,531237,SVM,TEMPORAL,7.0,bins,0.9172554456911648,1
Allen VBN,531237,SVM,TEMPORAL,10.0,bins,0.8736588663592645,1
Allen VBN,531237,SVM,UNIT,0.1,proportion,0.9477262898027494,1
Allen VBN,531237,SVM,UNIT,0.2,proportion,0.9439864026923578,1
Allen VBN,531237,SVM,UNIT,0.3,proportion,0.9295405025784411,1
Allen VBN,531237,SVM,UNIT,0.4,proportion,0.8950124549980991,1
Allen VBN,531237,SVM,UNIT,0.5,proportion,0.8835464459171032,1
Allen VBN,544837,MM-RVD,CLEAN_REFERENCE,0.0,none,1.0,1
Allen VBN,544837,MM-RVD,TEMPORAL,2.0,bins,0.9998843262001156,1
Allen VBN,544837,MM-RVD,TEMPORAL,3.0,bins,0.999668048778501,1
Allen VBN,544837,MM-RVD,TEMPORAL,5.0,bins,0.9996729806071782,1
Allen VBN,544837,MM-RVD,TEMPORAL,7.0,bins,0.9986973308690221,1
Allen VBN,544837,MM-RVD,TEMPORAL,10.0,bins,0.9974750862544608,1
Allen VBN,544837,MM-RVD,UNIT,0.1,proportion,1.0,1
Allen VBN,544837,MM-RVD,UNIT,0.2,proportion,0.9998843262001156,1
Allen VBN,544837,MM-RVD,UNIT,0.3,proportion,0.9998843262001156,1
Allen VBN,544837,MM-RVD,UNIT,0.4,proportion,0.9995178544066153,1
Allen VBN,544837,MM-RVD,UNIT,0.5,proportion,0.999024148342334,1
Allen VBN,544837,SVM,CLEAN_REFERENCE,0.0,none,0.9951745357717214,1
Allen VBN,544837,SVM,TEMPORAL,2.0,bins,0.9950197569664989,1
Allen VBN,544837,SVM,TEMPORAL,3.0,bins,0.9935633706535631,1
Allen VBN,544837,SVM,TEMPORAL,5.0,bins,0.9881655229911495,1
Allen VBN,544837,SVM,TEMPORAL,7.0,bins,0.9823139255548687,1
Allen VBN,544837,SVM,TEMPORAL,10.0,bins,0.933962713931511,1
Allen VBN,544837,SVM,UNIT,0.1,proportion,0.9933309553404944,1
Allen VBN,544837,SVM,UNIT,0.2,proportion,0.9919334372860829,1
Allen VBN,544837,SVM,UNIT,0.3,proportion,0.990887175398102,1
Allen VBN,544837,SVM,UNIT,0.4,proportion,0.9886304173186552,1
Allen VBN,544837,SVM,UNIT,0.5,proportion,0.9864235573963218,1
Allen VBN,546507,MM-RVD,CLEAN_REFERENCE,0.0,none,0.9992748368382884,1
Allen VBN,546507,MM-RVD,TEMPORAL,2.0,bins,0.9993051247775728,1
Allen VBN,546507,MM-RVD,TEMPORAL,3.0,bins,0.9995835124849993,1
Allen VBN,546507,MM-RVD,TEMPORAL,5.0,bins,0.9984998491750199,1
Allen VBN,546507,MM-RVD,TEMPORAL,7.0,bins,0.997757923551281,1
Allen VBN,546507,MM-RVD,TEMPORAL,10.0,bins,0.9948059644438679,1
Allen VBN,546507,MM-RVD,UNIT,0.1,proportion,0.9994198694706308,1
Allen VBN,546507,MM-RVD,UNIT,0.2,proportion,0.9994198694706308,1
Allen VBN,546507,MM-RVD,UNIT,0.3,proportion,0.9993354127168572,1
Allen VBN,546507,MM-RVD,UNIT,0.4,proportion,0.9989966210737178,1
Allen VBN,546507,MM-RVD,UNIT,0.5,proportion,0.999129976148802,1
Allen VBN,546507,SVM,CLEAN_REFERENCE,0.0,none,0.9877532185798903,1
Allen VBN,546507,SVM,TEMPORAL,2.0,bins,0.9866200610045753,1
Allen VBN,546507,SVM,TEMPORAL,3.0,bins,0.9860935887330631,1
Allen VBN,546507,SVM,TEMPORAL,5.0,bins,0.9760775531199068,1
Allen VBN,546507,SVM,TEMPORAL,7.0,bins,0.9589851932663931,1
Allen VBN,546507,SVM,TEMPORAL,10.0,bins,0.8877620814813737,1
Allen VBN,546507,SVM,UNIT,0.1,proportion,0.986336478631674,1
Allen VBN,546507,SVM,UNIT,0.2,proportion,0.9848632186147948,1
Allen VBN,546507,SVM,UNIT,0.3,proportion,0.9796386274014821,1
Allen VBN,546507,SVM,UNIT,0.4,proportion,0.9726743493971053,1
Allen VBN,546507,SVM,UNIT,0.5,proportion,0.9668995557421257,1
Allen VBN,563497,MM-RVD,CLEAN_REFERENCE,0.0,none,0.9994206163997745,2
Allen VBN,563497,MM-RVD,TEMPORAL,2.0,bins,0.999453606665323,2
Allen VBN,563497,MM-RVD,TEMPORAL,3.0,bins,0.999130918799403,2
Allen VBN,563497,MM-RVD,TEMPORAL,5.0,bins,0.9981425959613814,2
Allen VBN,563497,MM-RVD,TEMPORAL,7.0,bins,0.9976541863184578,2
Allen VBN,563497,MM-RVD,TEMPORAL,10.0,bins,0.9968144016024929,2
Allen VBN,563497,MM-RVD,UNIT,0.1,proportion,0.9995700018979974,2
Allen VBN,563497,MM-RVD,UNIT,0.2,proportion,0.9991713846626536,2
Allen VBN,563497,MM-RVD,UNIT,0.3,proportion,0.9990879796955279,2
Allen VBN,563497,MM-RVD,UNIT,0.4,proportion,0.998892209385835,2
Allen VBN,563497,MM-RVD,UNIT,0.5,proportion,0.9986077865894729,2
Allen VBN,563497,SVM,CLEAN_REFERENCE,0.0,none,0.9925757169689147,2
Allen VBN,563497,SVM,TEMPORAL,2.0,bins,0.9909362245465256,2
Allen VBN,563497,SVM,TEMPORAL,3.0,bins,0.9890283940691854,2
Allen VBN,563497,SVM,TEMPORAL,5.0,bins,0.981664318917929,2
Allen VBN,563497,SVM,TEMPORAL,7.0,bins,0.9744368968026285,2
Allen VBN,563497,SVM,TEMPORAL,10.0,bins,0.940596653127812,2
Allen VBN,563497,SVM,UNIT,0.1,proportion,0.991087684010774,2
Allen VBN,563497,SVM,UNIT,0.2,proportion,0.9865215633491081,2
Allen VBN,563497,SVM,UNIT,0.3,proportion,0.9839608017402065,2
Allen VBN,563497,SVM,UNIT,0.4,proportion,0.977778599423685,2
Allen VBN,563497,SVM,UNIT,0.5,proportion,0.9644749844250873,2
Allen VBN,567286,MM-RVD,CLEAN_REFERENCE,0.0,none,0.998834839707908,1
Allen VBN,567286,MM-RVD,TEMPORAL,2.0,bins,0.9989414495160103,1
Allen VBN,567286,MM-RVD,TEMPORAL,3.0,bins,0.9990876842085401,1
Allen VBN,567286,MM-RVD,TEMPORAL,5.0,bins,0.9988002425740363,1
Allen VBN,567286,MM-RVD,TEMPORAL,7.0,bins,0.9980049025941998,1
Allen VBN,567286,MM-RVD,TEMPORAL,10.0,bins,0.9974816327209244,1
Allen VBN,567286,MM-RVD,UNIT,0.1,proportion,0.9988348397079079,1
Allen VBN,567286,MM-RVD,UNIT,0.2,proportion,0.9990678717663265,1
Allen VBN,567286,MM-RVD,UNIT,0.3,proportion,0.9985473980734042,1
Allen VBN,567286,MM-RVD,UNIT,0.4,proportion,0.9988348397079079,1
Allen VBN,567286,MM-RVD,UNIT,0.5,proportion,0.9987614073918912,1
Allen VBN,567286,SVM,CLEAN_REFERENCE,0.0,none,0.9962616448850872,1
Allen VBN,567286,SVM,TEMPORAL,2.0,bins,0.9948741203667204,1
Allen VBN,567286,SVM,TEMPORAL,3.0,bins,0.9940310505600405,1
Allen VBN,567286,SVM,TEMPORAL,5.0,bins,0.9899984148050931,1
Allen VBN,567286,SVM,TEMPORAL,7.0,bins,0.980057133539654,1
Allen VBN,567286,SVM,TEMPORAL,10.0,bins,0.9231323393513525,1
Allen VBN,567286,SVM,UNIT,0.1,proportion,0.9947978158478046,1
Allen VBN,567286,SVM,UNIT,0.2,proportion,0.9938379311739822,1
Allen VBN,567286,SVM,UNIT,0.3,proportion,0.9916677872064688,1
Allen VBN,567286,SVM,UNIT,0.4,proportion,0.987593169272518,1
Allen VBN,567286,SVM,UNIT,0.5,proportion,0.9810681455327881,1
Allen VBN,570301,MM-RVD,CLEAN_REFERENCE,0.0,none,0.9973451178808322,1
Allen VBN,570301,MM-RVD,TEMPORAL,2.0,bins,0.9962929280677372,1
Allen VBN,570301,MM-RVD,TEMPORAL,3.0,bins,0.9948381658972618,1
Allen VBN,570301,MM-RVD,TEMPORAL,5.0,bins,0.9944137269418214,1
Allen VBN,570301,MM-RVD,TEMPORAL,7.0,bins,0.9889581849783443,1
Allen VBN,570301,MM-RVD,TEMPORAL,10.0,bins,0.9859954923796177,1
Allen VBN,570301,MM-RVD,UNIT,0.1,proportion,0.996347941205493,1
Allen VBN,570301,MM-RVD,UNIT,0.2,proportion,0.9960071652708725,1
Allen VBN,570301,MM-RVD,UNIT,0.3,proportion,0.995630323226445,1
Allen VBN,570301,MM-RVD,UNIT,0.4,proportion,0.9956883390012556,1
Allen VBN,570301,MM-RVD,UNIT,0.5,proportion,0.9940476470812865,1
Allen VBN,570301,SVM,CLEAN_REFERENCE,0.0,none,0.9725358182470059,1
Allen VBN,570301,SVM,TEMPORAL,2.0,bins,0.968248678217632,1
Allen VBN,570301,SVM,TEMPORAL,3.0,bins,0.964030722680804,1
Allen VBN,570301,SVM,TEMPORAL,5.0,bins,0.9511230821619499,1
Allen VBN,570301,SVM,TEMPORAL,7.0,bins,0.9199272576997057,1
Allen VBN,570301,SVM,TEMPORAL,10.0,bins,0.8562930271321216,1
Allen VBN,570301,SVM,UNIT,0.1,proportion,0.967460855689133,1
Allen VBN,570301,SVM,UNIT,0.2,proportion,0.9630121860437346,1
Allen VBN,570301,SVM,UNIT,0.3,proportion,0.9522874148075242,1
Allen VBN,570301,SVM,UNIT,0.4,proportion,0.9539199822901768,1
Allen VBN,570301,SVM,UNIT,0.5,proportion,0.9339529726825921,1
CRCNS pvc-11,monkey1,CEBRA,CLEAN_REFERENCE,0.0,none,0.9864285714285714,1
CRCNS pvc-11,monkey1,CEBRA,TEMPORAL,2.0,bins,0.9862857142857143,1
CRCNS pvc-11,monkey1,CEBRA,TEMPORAL,3.0,bins,0.9837142857142858,1
CRCNS pvc-11,monkey1,CEBRA,TEMPORAL,5.0,bins,0.9631428571428572,1
CRCNS pvc-11,monkey1,CEBRA,TEMPORAL,7.0,bins,0.9574285714285715,1
CRCNS pvc-11,monkey1,CEBRA,TEMPORAL,10.0,bins,0.9092857142857144,1
CRCNS pvc-11,monkey1,CEBRA,UNIT,0.1,proportion,0.9844285714285714,1
CRCNS pvc-11,monkey1,CEBRA,UNIT,0.2,proportion,0.976,1
CRCNS pvc-11,monkey1,CEBRA,UNIT,0.3,proportion,0.9575714285714285,1
CRCNS pvc-11,monkey1,CEBRA,UNIT,0.4,proportion,0.9228571428571429,1
CRCNS pvc-11,monkey1,CEBRA,UNIT,0.5,proportion,0.849,1
CRCNS pvc-11,monkey1,MM-RVD,CLEAN_REFERENCE,0.0,none,0.9785714285714284,1
CRCNS pvc-11,monkey1,MM-RVD,TEMPORAL,2.0,bins,0.9771428571428571,1
CRCNS pvc-11,monkey1,MM-RVD,TEMPORAL,3.0,bins,0.9635714285714286,1
CRCNS pvc-11,monkey1,MM-RVD,TEMPORAL,5.0,bins,0.9457142857142855,1
CRCNS pvc-11,monkey1,MM-RVD,TEMPORAL,7.0,bins,0.9421428571428571,1
CRCNS pvc-11,monkey1,MM-RVD,TEMPORAL,10.0,bins,0.9142857142857143,1
CRCNS pvc-11,monkey1,MM-RVD,UNIT,0.1,proportion,0.9721428571428572,1
CRCNS pvc-11,monkey1,MM-RVD,UNIT,0.2,proportion,0.9585714285714285,1
CRCNS pvc-11,monkey1,MM-RVD,UNIT,0.3,proportion,0.9528571428571426,1
CRCNS pvc-11,monkey1,MM-RVD,UNIT,0.4,proportion,0.9485714285714286,1
CRCNS pvc-11,monkey1,MM-RVD,UNIT,0.5,proportion,0.9321428571428572,1
CRCNS pvc-11,monkey2,CEBRA,CLEAN_REFERENCE,0.0,none,0.9914285714285713,1
CRCNS pvc-11,monkey2,CEBRA,TEMPORAL,2.0,bins,0.9895714285714285,1
CRCNS pvc-11,monkey2,CEBRA,TEMPORAL,3.0,bins,0.9884285714285715,1
CRCNS pvc-11,monkey2,CEBRA,TEMPORAL,5.0,bins,0.9847142857142858,1
CRCNS pvc-11,monkey2,CEBRA,TEMPORAL,7.0,bins,0.9805714285714286,1
CRCNS pvc-11,monkey2,CEBRA,TEMPORAL,10.0,bins,0.9501428571428573,1
CRCNS pvc-11,monkey2,CEBRA,UNIT,0.1,proportion,0.9888571428571428,1
CRCNS pvc-11,monkey2,CEBRA,UNIT,0.2,proportion,0.9788571428571429,1
CRCNS pvc-11,monkey2,CEBRA,UNIT,0.3,proportion,0.9504285714285714,1
CRCNS pvc-11,monkey2,CEBRA,UNIT,0.4,proportion,0.9345714285714285,1
CRCNS pvc-11,monkey2,CEBRA,UNIT,0.5,proportion,0.8071428571428572,1
CRCNS pvc-11,monkey2,MM-RVD,CLEAN_REFERENCE,0.0,none,0.9964285714285712,1
CRCNS pvc-11,monkey2,MM-RVD,TEMPORAL,2.0,bins,0.9949999999999999,1
CRCNS pvc-11,monkey2,MM-RVD,TEMPORAL,3.0,bins,0.9935714285714285,1
CRCNS pvc-11,monkey2,MM-RVD,TEMPORAL,5.0,bins,0.9864285714285714,1
CRCNS pvc-11,monkey2,MM-RVD,TEMPORAL,7.0,bins,0.9835714285714285,1
CRCNS pvc-11,monkey2,MM-RVD,TEMPORAL,10.0,bins,0.975,1
CRCNS pvc-11,monkey2,MM-RVD,UNIT,0.1,proportion,0.9935714285714285,1
CRCNS pvc-11,monkey2,MM-RVD,UNIT,0.2,proportion,0.9864285714285714,1
CRCNS pvc-11,monkey2,MM-RVD,UNIT,0.3,proportion,0.9764285714285714,1
CRCNS pvc-11,monkey2,MM-RVD,UNIT,0.4,proportion,0.9764285714285714,1
CRCNS pvc-11,monkey2,MM-RVD,UNIT,0.5,proportion,0.945,1
CRCNS pvc-11,monkey3,CEBRA,CLEAN_REFERENCE,0.0,none,0.9949999999999999,1
CRCNS pvc-11,monkey3,CEBRA,TEMPORAL,2.0,bins,0.9959999999999999,1
CRCNS pvc-11,monkey3,CEBRA,TEMPORAL,3.0,bins,0.9959999999999999,1
CRCNS pvc-11,monkey3,CEBRA,TEMPORAL,5.0,bins,0.9952857142857143,1
CRCNS pvc-11,monkey3,CEBRA,TEMPORAL,7.0,bins,0.9897142857142857,1
CRCNS pvc-11,monkey3,CEBRA,TEMPORAL,10.0,bins,0.9772857142857143,1
CRCNS pvc-11,monkey3,CEBRA,UNIT,0.1,proportion,0.9944285714285712,1
CRCNS pvc-11,monkey3,CEBRA,UNIT,0.2,proportion,0.9928571428571427,1
CRCNS pvc-11,monkey3,CEBRA,UNIT,0.3,proportion,0.9899999999999999,1
CRCNS pvc-11,monkey3,CEBRA,UNIT,0.4,proportion,0.9691428571428572,1
CRCNS pvc-11,monkey3,CEBRA,UNIT,0.5,proportion,0.9182857142857144,1
CRCNS pvc-11,monkey3,MM-RVD,CLEAN_REFERENCE,0.0,none,0.9964285714285712,1
CRCNS pvc-11,monkey3,MM-RVD,TEMPORAL,2.0,bins,0.997142857142857,1
CRCNS pvc-11,monkey3,MM-RVD,TEMPORAL,3.0,bins,0.9985714285714284,1
CRCNS pvc-11,monkey3,MM-RVD,TEMPORAL,5.0,bins,0.9985714285714284,1
CRCNS pvc-11,monkey3,MM-RVD,TEMPORAL,7.0,bins,0.9942857142857143,1
CRCNS pvc-11,monkey3,MM-RVD,TEMPORAL,10.0,bins,0.9928571428571427,1
CRCNS pvc-11,monkey3,MM-RVD,UNIT,0.1,proportion,0.997142857142857,1
CRCNS pvc-11,monkey3,MM-RVD,UNIT,0.2,proportion,0.9949999999999999,1
CRCNS pvc-11,monkey3,MM-RVD,UNIT,0.3,proportion,0.997142857142857,1
CRCNS pvc-11,monkey3,MM-RVD,UNIT,0.4,proportion,0.9942857142857141,1
CRCNS pvc-11,monkey3,MM-RVD,UNIT,0.5,proportion,0.9771428571428572,1
