dataset,animal_id,variant,endpoint,full_minus_ablated
Allen VBN,506940,A1,B5,0.004342160303786757
Allen VBN,506940,A1,CLEAN,0.0006531557447788661
Allen VBN,506940,A1,Five-Missing Mean,0.0037789437063706632
Allen VBN,506940,A1,Five-Missing Worst,0.005764386661916476
Allen VBN,506940,A1,J30-5,0.0037162700385662273
Allen VBN,506940,A1,SW-U30,0.001343612334801625
Allen VBN,506940,A1,T5,0.006573580313320337
Allen VBN,506940,A1,U30,0.002919095541377814
Allen VBN,506940,A2,B5,0.04582218032244234
Allen VBN,506940,A2,CLEAN,0.040327327039284766
Allen VBN,506940,A2,Five-Missing Mean,0.04530950902698749
Allen VBN,506940,A2,Five-Missing Worst,0.059681322726438446
Allen VBN,506940,A2,J30-5,0.04453437329468468
Allen VBN,506940,A2,SW-U30,0.03309147782133215
Allen VBN,506940,A2,T5,0.06049051637784231
Allen VBN,506940,A2,U30,0.04260899731863621
Allen VBN,506940,A3,B5,0.0
Allen VBN,506940,A3,CLEAN,0.000380883963696399
Allen VBN,506940,A3,Five-Missing Mean,0.004543788688699868
Allen VBN,506940,A3,Five-Missing Worst,0.010976334927529585
Allen VBN,506940,A3,J30-5,0.004328818314562444
Allen VBN,506940,A3,SW-U30,0.002366007066943232
Allen VBN,506940,A3,T5,0.011785528578933446
Allen VBN,506940,A3,U30,0.004238589483060551
Allen VBN,506940,A4,B5,-0.003159558856919764
Allen VBN,506940,A4,CLEAN,0.0
Allen VBN,506940,A4,Five-Missing Mean,0.001305572672752775
Allen VBN,506940,A4,Five-Missing Worst,0.004004900546146883
Allen VBN,506940,A4,J30-5,0.002273035926308564
Allen VBN,506940,A4,SW-U30,0.0014958863126401933
Allen VBN,506940,A4,T5,0.0048140941975507445
Allen VBN,506940,A4,U30,0.001104405784183915
Allen VBN,506940,A5,B5,-0.001042756885130336
Allen VBN,506940,A5,CLEAN,0.0
Allen VBN,506940,A5,Five-Missing Mean,0.0022782106185055273
Allen VBN,506940,A5,Five-Missing Worst,0.004573736445656396
Allen VBN,506940,A5,J30-5,0.0036576513109239928
Allen VBN,506940,A5,SW-U30,0.0014958863126401933
Allen VBN,506940,A5,T5,0.005382930097060257
Allen VBN,506940,A5,U30,0.0018973422570338627
Allen VBN,506940,A7,B5,0.007033475793442379
Allen VBN,506940,A7,CLEAN,0.006946630613758553
Allen VBN,506940,A7,Five-Missing Mean,0.009903182473693817
Allen VBN,506940,A7,Five-Missing Worst,0.01701925329325127
Allen VBN,506940,A7,J30-5,0.008514369590595594
Allen VBN,506940,A7,SW-U30,0.00574460255268372
Allen VBN,506940,A7,T5,0.01782844694465513
Allen VBN,506940,A7,U30,0.01039501748709215
Allen VBN,510589,A1,B5,0.0011907477388974907
Allen VBN,510589,A1,CLEAN,0.002486104148760049
Allen VBN,510589,A1,Five-Missing Mean,0.0018248286588850027
Allen VBN,510589,A1,Five-Missing Worst,0.0011907477388974907
Allen VBN,510589,A1,J30-5,0.0031000794596307557
Allen VBN,510589,A1,SW-U30,0.0006211180124223725
Allen VBN,510589,A1,T5,0.00209818877444623
Allen VBN,510589,A1,U30,0.002114009309027942
Allen VBN,510589,A2,B5,-0.003172638083599133
Allen VBN,510589,A2,CLEAN,0.00866929102357894
Allen VBN,510589,A2,Five-Missing Mean,0.006604739365002388
Allen VBN,510589,A2,Five-Missing Worst,0.0022199589083955473
Allen VBN,510589,A2,J30-5,0.012252053921496975
Allen VBN,510589,A2,SW-U30,0.0058544078081286255
Allen VBN,510589,A2,T5,0.01112967704944201
Allen VBN,510589,A2,U30,0.006960196129542795
Allen VBN,510589,A3,B5,0.0
Allen VBN,510589,A3,CLEAN,0.011747827321412663
Allen VBN,510589,A3,Five-Missing Mean,0.010482516458025004
Allen VBN,510589,A3,Five-Missing Worst,0.009283297078885089
Allen VBN,510589,A3,J30-5,0.019315392091986516
Allen VBN,510589,A3,SW-U30,0.006189399697596243
Allen VBN,510589,A3,T5,0.015519163719611817
Allen VBN,510589,A3,U30,0.011388626780930111
Allen VBN,510589,A4,B5,-0.011818223486538493
Allen VBN,510589,A4,CLEAN,0.0
Allen VBN,510589,A4,Five-Missing Mean,-0.0012298761696258875
Allen VBN,510589,A4,Five-Missing Worst,-0.005944930671346937
Allen VBN,510589,A4,J30-5,0.00408716434175449
Allen VBN,510589,A4,SW-U30,0.0012090074892008307
Allen VBN,510589,A4,T5,-1.7940214196321413e-05
Allen VBN,510589,A4,U30,0.0003906110216496117
Allen VBN,510589,A5,B5,0.00048021054000468855
Allen VBN,510589,A5,CLEAN,0.0
Allen VBN,510589,A5,Five-Missing Mean,0.0018750691104661987
Allen VBN,510589,A5,Five-Missing Worst,0.00048021054000468855
Allen VBN,510589,A5,J30-5,0.006337005342067159
Allen VBN,510589,A5,SW-U30,0.0017968969659790668
Allen VBN,510589,A5,T5,0.00018863369487964743
Allen VBN,510589,A5,U30,0.0005725990094005429
Allen VBN,510589,A7,B5,-0.0016395738999177567
Allen VBN,510589,A7,CLEAN,0.004488248120529059
Allen VBN,510589,A7,Five-Missing Mean,0.0029561537516133995
Allen VBN,510589,A7,Five-Missing Worst,-0.0016395738999177567
Allen VBN,510589,A7,J30-5,0.006682171087456168
Allen VBN,510589,A7,SW-U30,0.0020866601211029234
Allen VBN,510589,A7,T5,0.004177503743715727
Allen VBN,510589,A7,U30,0.003474007705709825
Allen VBN,521466,A1,B5,-0.0034660279196753185
Allen VBN,521466,A1,CLEAN,-0.0009928295642581686
Allen VBN,521466,A1,Five-Missing Mean,-0.0006053425213556896
Allen VBN,521466,A1,Five-Missing Worst,-0.0034660279196753185
Allen VBN,521466,A1,J30-5,0.0010720252153285648
Allen VBN,521466,A1,SW-U30,-0.00039510093305672456
Allen VBN,521466,A1,T5,2.798793997571547e-05
Allen VBN,521466,A1,U30,-0.0002655969093505739
Allen VBN,521466,A2,B5,0.019168852022781735
Allen VBN,521466,A2,CLEAN,0.021036595803007208
Allen VBN,521466,A2,Five-Missing Mean,0.022466804829931464
Allen VBN,521466,A2,Five-Missing Worst,0.020400832882155107
Allen VBN,521466,A2,J30-5,0.022396776836248633
Allen VBN,521466,A2,SW-U30,0.023962834898431318
Allen VBN,521466,A2,T5,0.02455794260512356
Allen VBN,521466,A2,U30,0.02224761778707185
Allen VBN,521466,A3,B5,0.0
Allen VBN,521466,A3,CLEAN,0.0018167311388636032
Allen VBN,521466,A3,Five-Missing Mean,0.00332885918090553
Allen VBN,521466,A3,Five-Missing Worst,0.0015093365659467617
Allen VBN,521466,A3,J30-5,0.006091307793385625
Allen VBN,521466,A3,SW-U30,0.0016700838410965702
Allen VBN,521466,A3,T5,0.004145217621030262
Allen VBN,521466,A3,U30,0.00473768664901586
Allen VBN,521466,A4,B5,-0.004032048276926714
Allen VBN,521466,A4,CLEAN,0.0
Allen VBN,521466,A4,Five-Missing Mean,0.0014316819111664936
Allen VBN,521466,A4,Five-Missing Worst,0.0014802358298589002
Allen VBN,521466,A4,J30-5,0.006062207057297764
Allen VBN,521466,A4,SW-U30,0.0013341056562381493
Allen VBN,521466,A4,T5,0.0011228665307392305
Allen VBN,521466,A4,U30,0.0026712785884838164
Allen VBN,521466,A5,B5,0.0014351216933529143
Allen VBN,521466,A5,CLEAN,0.0
Allen VBN,521466,A5,Five-Missing Mean,0.0056678636421274575
Allen VBN,521466,A5,Five-Missing Worst,0.015627926319527363
Allen VBN,521466,A5,J30-5,0.020209897546966227
Allen VBN,521466,A5,SW-U30,0.0013341056562381493
Allen VBN,521466,A5,T5,0.001838925245268297
Allen VBN,521466,A5,U30,0.0035212680688121445
Allen VBN,521466,A7,B5,0.009103609557587489
Allen VBN,521466,A7,CLEAN,0.00469783601363738
Allen VBN,521466,A7,Five-Missing Mean,0.005957940993486899
Allen VBN,521466,A7,Five-Missing Worst,0.009103609557587489
Allen VBN,521466,A7,J30-5,0.00581537904830276
Allen VBN,521466,A7,SW-U30,0.003623264898823808
Allen VBN,521466,A7,T5,0.005492667376686966
Allen VBN,521466,A7,U30,0.005754784086033471
Allen VBN,524760,A1,B5,0.0011340714750485148
Allen VBN,524760,A1,CLEAN,0.0015824444833013596
Allen VBN,524760,A1,Five-Missing Mean,0.0014515227987068613
Allen VBN,524760,A1,Five-Missing Worst,0.0011340714750485148
Allen VBN,524760,A1,J30-5,0.002364225211373361
Allen VBN,524760,A1,SW-U30,0.0008305647840531893
Allen VBN,524760,A1,T5,0.0018140633928134253
Allen VBN,524760,A1,U30,0.0011146891302458162
Allen VBN,524760,A2,B5,0.013679428604683408
Allen VBN,524760,A2,CLEAN,0.016080142202327008
Allen VBN,524760,A2,Five-Missing Mean,0.017304707120505247
Allen VBN,524760,A2,Five-Missing Worst,0.01653944121820028
Allen VBN,524760,A2,J30-5,0.017354058123140614
Allen VBN,524760,A2,SW-U30,0.017952644498712367
Allen VBN,524760,A2,T5,0.022917256052844337
Allen VBN,524760,A2,U30,0.014620148323145399
Allen VBN,524760,A3,B5,0.0
Allen VBN,524760,A3,CLEAN,0.004470303324293212
Allen VBN,524760,A3,Five-Missing Mean,0.004818461761369908
Allen VBN,524760,A3,Five-Missing Worst,0.004494868227603033
Allen VBN,524760,A3,J30-5,0.010490119888986293
Allen VBN,524760,A3,SW-U30,0.001834130781499299
Allen VBN,524760,A3,T5,0.007827842550090502
Allen VBN,524760,A3,U30,0.0039402155862738875
Allen VBN,524760,A4,B5,-0.006377814834644058
Allen VBN,524760,A4,CLEAN,0.0
Allen VBN,524760,A4,Five-Missing Mean,-0.000720353590421996
Allen VBN,524760,A4,Five-Missing Worst,-0.0035199566585483177
Allen VBN,524760,A4,J30-5,0.002475295002834943
Allen VBN,524760,A4,SW-U30,0.0
Allen VBN,524760,A4,T5,0.00015037593984956743
Allen VBN,524760,A4,U30,0.00015037593984956743
Allen VBN,524760,A5,B5,0.009850040918764624
Allen VBN,524760,A5,CLEAN,0.0
Allen VBN,524760,A5,Five-Missing Mean,0.0028558530215856415
Allen VBN,524760,A5,Five-Missing Worst,0.009850040918764624
Allen VBN,524760,A5,J30-5,0.0024349987018285058
Allen VBN,524760,A5,SW-U30,0.0
Allen VBN,524760,A5,T5,0.00040897698792430326
Allen VBN,524760,A5,U30,0.0015852484994113292
Allen VBN,524760,A7,B5,0.008233964571047192
Allen VBN,524760,A7,CLEAN,0.0009170653907495385
Allen VBN,524760,A7,Five-Missing Mean,0.003523878892913279
Allen VBN,524760,A7,Five-Missing Worst,0.008233964571047192
Allen VBN,524760,A7,J30-5,0.0030502976001329785
Allen VBN,524760,A7,SW-U30,0.000982294445791898
Allen VBN,524760,A7,T5,0.003072264713880668
Allen VBN,524760,A7,U30,0.0022805731337141033
Allen VBN,524761,A1,B5,-0.0011111813050003194
Allen VBN,524761,A1,CLEAN,0.0025237871482446383
Allen VBN,524761,A1,Five-Missing Mean,0.0026410105386771576
Allen VBN,524761,A1,Five-Missing Worst,0.005312556977650373
Allen VBN,524761,A1,J30-5,0.008028369477907138
Allen VBN,524761,A1,SW-U30,0.00019127647365324574
Allen VBN,524761,A1,T5,0.002641288958384558
Allen VBN,524761,A1,U30,0.003455299088441166
Allen VBN,524761,A2,B5,0.016219814040322522
Allen VBN,524761,A2,CLEAN,0.021992911302657125
Allen VBN,524761,A2,Five-Missing Mean,0.023885499738646954
Allen VBN,524761,A2,Five-Missing Worst,0.03028983639585997
Allen VBN,524761,A2,J30-5,0.033005648896116735
Allen VBN,524761,A2,SW-U30,0.024073419617830938
Allen VBN,524761,A2,T5,0.021373894406056915
Allen VBN,524761,A2,U30,0.02475472173290766
Allen VBN,524761,A3,B5,0.0
Allen VBN,524761,A3,CLEAN,0.006146513871084447
Allen VBN,524761,A3,Five-Missing Mean,0.008772045579878096
Allen VBN,524761,A3,Five-Missing Worst,0.018012910312401154
Allen VBN,524761,A3,J30-5,0.020728722812657918
Allen VBN,524761,A3,SW-U30,0.006956542065955085
Allen VBN,524761,A3,T5,0.007285973037683413
Allen VBN,524761,A3,U30,0.008888989983093953
Allen VBN,524761,A4,B5,-0.00448178417110523
Allen VBN,524761,A4,CLEAN,0.0
Allen VBN,524761,A4,Five-Missing Mean,0.004060407287285628
Allen VBN,524761,A4,Five-Missing Worst,0.016939449311772603
Allen VBN,524761,A4,J30-5,0.019655261812029368
Allen VBN,524761,A4,SW-U30,0.0008547740161415351
Allen VBN,524761,A4,T5,0.000826890766723043
Allen VBN,524761,A4,U30,0.0034468940126395897
Allen VBN,524761,A5,B5,0.002359152225324568
Allen VBN,524761,A5,CLEAN,0.0
Allen VBN,524761,A5,Five-Missing Mean,0.010807067917685431
Allen VBN,524761,A5,Five-Missing Worst,0.040526978751666776
Allen VBN,524761,A5,J30-5,0.04324279125192354
Allen VBN,524761,A5,SW-U30,0.0011600243213918393
Allen VBN,524761,A5,T5,0.0021229569296771778
Allen VBN,524761,A5,U30,0.005150414860110086
Allen VBN,524761,A7,B5,0.004067368180150688
Allen VBN,524761,A7,CLEAN,0.007139550873758949
Allen VBN,524761,A7,Five-Missing Mean,0.008080829177300075
Allen VBN,524761,A7,Five-Missing Worst,0.010814324212662874
Allen VBN,524761,A7,J30-5,0.013013487411268565
Allen VBN,524761,A7,SW-U30,0.005544692227215875
Allen VBN,524761,A7,T5,0.008593355866114427
Allen VBN,524761,A7,U30,0.00918524220175082
Allen VBN,527749,A1,B5,0.0005923796159817973
Allen VBN,527749,A1,CLEAN,0.001194132546219806
Allen VBN,527749,A1,Five-Missing Mean,0.001395139433179815
Allen VBN,527749,A1,Five-Missing Worst,0.0005923796159817973
Allen VBN,527749,A1,J30-5,0.002637347259970668
Allen VBN,527749,A1,SW-U30,0.0
Allen VBN,527749,A1,T5,0.0019251668813657918
Allen VBN,527749,A1,U30,0.0018208034085811509
Allen VBN,527749,A2,B5,0.0020245584149375384
Allen VBN,527749,A2,CLEAN,0.006201424172980308
Allen VBN,527749,A2,Five-Missing Mean,0.005833716413381818
Allen VBN,527749,A2,Five-Missing Worst,0.007758053755087646
Allen VBN,527749,A2,J30-5,0.00684545107459511
Allen VBN,527749,A2,SW-U30,0.0031585321990539317
Allen VBN,527749,A2,T5,0.01252589904440482
Allen VBN,527749,A2,U30,0.004614141333917132
Allen VBN,527749,A3,B5,0.0
Allen VBN,527749,A3,CLEAN,0.003807882848404498
Allen VBN,527749,A3,Five-Missing Mean,0.004592537961321308
Allen VBN,527749,A3,Five-Missing Worst,0.004583246985803036
Allen VBN,527749,A3,J30-5,0.004650111695477466
Allen VBN,527749,A3,SW-U30,0.0025264209474735733
Allen VBN,527749,A3,T5,0.00935109227512021
Allen VBN,527749,A3,U30,0.006435064888534847
Allen VBN,527749,A4,B5,-0.00475364895933128
Allen VBN,527749,A4,CLEAN,0.0
Allen VBN,527749,A4,Five-Missing Mean,0.0002404997136515874
Allen VBN,527749,A4,Five-Missing Worst,-0.0019334146546337028
Allen VBN,527749,A4,J30-5,0.0028202343046975775
Allen VBN,527749,A4,SW-U30,0.0
Allen VBN,527749,A4,T5,0.002137308615930089
Allen VBN,527749,A4,U30,0.0009986046069616616
Allen VBN,527749,A5,B5,0.00363470005673161
Allen VBN,527749,A5,CLEAN,0.0
Allen VBN,527749,A5,Five-Missing Mean,0.002630288755666621
Allen VBN,527749,A5,Five-Missing Worst,0.00363470005673161
Allen VBN,527749,A5,J30-5,0.004979253230633973
Allen VBN,527749,A5,SW-U30,0.0
Allen VBN,527749,A5,T5,0.0022772903366956587
Allen VBN,527749,A5,U30,0.00226020015427153
Allen VBN,527749,A7,B5,-0.0001983510271481581
Allen VBN,527749,A7,CLEAN,0.0009030443240969355
Allen VBN,527749,A7,Five-Missing Mean,0.0015297850033203497
Allen VBN,527749,A7,Five-Missing Worst,-0.0001983510271481581
Allen VBN,527749,A7,J30-5,0.002250546779870022
Allen VBN,527749,A7,SW-U30,0.0006138598243861093
Allen VBN,527749,A7,T5,0.003145177804939392
Allen VBN,527749,A7,U30,0.0018376916345544947
Allen VBN,531237,A1,B5,0.0075160435842771545
Allen VBN,531237,A1,CLEAN,0.007540631455376645
Allen VBN,531237,A1,Five-Missing Mean,0.0126724557804071
Allen VBN,531237,A1,Five-Missing Worst,0.02457382101017147
Allen VBN,531237,A1,J30-5,0.025678390775080717
Allen VBN,531237,A1,SW-U30,0.0032208238100565056
Allen VBN,531237,A1,T5,0.009679914944018209
Allen VBN,531237,A1,U30,0.017267105788602577
Allen VBN,531237,A2,B5,0.04166679951001262
Allen VBN,531237,A2,CLEAN,0.04709221243830519
Allen VBN,531237,A2,Five-Missing Mean,0.05688629417004798
Allen VBN,531237,A2,Five-Missing Worst,0.07510340664537418
Allen VBN,531237,A2,J30-5,0.07620797641028343
Allen VBN,531237,A2,SW-U30,0.05010444984015283
Allen VBN,531237,A2,T5,0.05093260189295723
Allen VBN,531237,A2,U30,0.06551964319683401
Allen VBN,531237,A3,B5,0.0
Allen VBN,531237,A3,CLEAN,0.003114278470695342
Allen VBN,531237,A3,Five-Missing Mean,0.009429222163444329
Allen VBN,531237,A3,Five-Missing Worst,0.02327325236752542
Allen VBN,531237,A3,J30-5,0.024377822132434668
Allen VBN,531237,A3,SW-U30,0.0018317728989009074
Allen VBN,531237,A3,T5,0.004380671482329901
Allen VBN,531237,A3,U30,0.01655584430355639
Allen VBN,531237,A4,B5,-0.003473553818181929
Allen VBN,531237,A4,CLEAN,0.0
Allen VBN,531237,A4,Five-Missing Mean,0.006841675095729527
Allen VBN,531237,A4,Five-Missing Worst,0.032091268434988995
Allen VBN,531237,A4,J30-5,0.03319583819989824
Allen VBN,531237,A4,SW-U30,-0.000655307994757659
Allen VBN,531237,A4,T5,0.001110797696176613
Allen VBN,531237,A4,U30,0.004030601395512701
Allen VBN,531237,A5,B5,0.0026845498641039356
Allen VBN,531237,A5,CLEAN,0.0
Allen VBN,531237,A5,Five-Missing Mean,0.013059722512452132
Allen VBN,531237,A5,Five-Missing Worst,0.05222829059484202
Allen VBN,531237,A5,J30-5,0.053332860359751266
Allen VBN,531237,A5,SW-U30,-0.000655307994757659
Allen VBN,531237,A5,T5,0.0024893301054250694
Allen VBN,531237,A5,U30,0.007447180227738492
Allen VBN,531237,A7,B5,0.011959722331669975
Allen VBN,531237,A7,CLEAN,0.01062804804769224
Allen VBN,531237,A7,Five-Missing Mean,0.01468879415349722
Allen VBN,531237,A7,Five-Missing Worst,0.025031219876202826
Allen VBN,531237,A7,J30-5,0.026135789641112073
Allen VBN,531237,A7,SW-U30,0.0032067829626538646
Allen VBN,531237,A7,T5,0.01102521251752031
Allen VBN,531237,A7,U30,0.021116463314529987
Allen VBN,544837,A1,B5,0.0037745741338083283
Allen VBN,544837,A1,CLEAN,0.0006225781277816589
Allen VBN,544837,A1,Five-Missing Mean,0.0021501155285912343
Allen VBN,544837,A1,Five-Missing Worst,0.0037745741338083283
Allen VBN,544837,A1,J30-5,0.003337369075972818
Allen VBN,544837,A1,SW-U30,0.0
Allen VBN,544837,A1,T5,0.0018942005021044261
Allen VBN,544837,A1,U30,0.0017444339310708212
Allen VBN,544837,A2,B5,9.261441102914603e-06
Allen VBN,544837,A2,CLEAN,0.004807732279451193
Allen VBN,544837,A2,Five-Missing Mean,0.005610743145843422
Allen VBN,544837,A2,Five-Missing Worst,0.003057827147684433
Allen VBN,544837,A2,J30-5,0.008879395210430685
Allen VBN,544837,A2,SW-U30,0.006337785506658533
Allen VBN,544837,A2,T5,0.0076263881228778585
Allen VBN,544837,A2,U30,0.00520088544814723
Allen VBN,544837,A3,B5,0.0
Allen VBN,544837,A3,CLEAN,0.0042603464574190175
Allen VBN,544837,A3,Five-Missing Mean,0.006822627615128196
Allen VBN,544837,A3,Five-Missing Worst,0.0072919726161734255
Allen VBN,544837,A3,J30-5,0.013113540678919677
Allen VBN,544837,A3,SW-U30,0.00794259936951025
Allen VBN,544837,A3,T5,0.007549795900354539
Allen VBN,544837,A3,U30,0.005507202126857291
Allen VBN,544837,A4,B5,-0.006034904170322264
Allen VBN,544837,A4,CLEAN,0.0
Allen VBN,544837,A4,Five-Missing Mean,0.0020490617239984354
Allen VBN,544837,A4,Five-Missing Worst,0.0030789363453400664
Allen VBN,544837,A4,J30-5,0.008900504408086318
Allen VBN,544837,A4,SW-U30,0.0031773339597007677
Allen VBN,544837,A4,T5,0.0011239548700981983
Allen VBN,544837,A4,U30,0.003078419552429601
Allen VBN,544837,A5,B5,0.0012871614216125593
Allen VBN,544837,A5,CLEAN,0.0
Allen VBN,544837,A5,Five-Missing Mean,0.005426422531543129
Allen VBN,544837,A5,Five-Missing Worst,0.012086806241852877
Allen VBN,544837,A5,J30-5,0.01790837430459913
Allen VBN,544837,A5,SW-U30,0.0031773339597007677
Allen VBN,544837,A5,T5,0.0011375886421911563
Allen VBN,544837,A5,U30,0.003621654329612589
Allen VBN,544837,A7,B5,0.001142505877422817
Allen VBN,544837,A7,CLEAN,0.0027980989063263184
Allen VBN,544837,A7,Five-Missing Mean,0.0029088753240748
Allen VBN,544837,A7,Five-Missing Worst,0.001142505877422817
Allen VBN,544837,A7,J30-5,0.0050937300959711385
Allen VBN,544837,A7,SW-U30,0.0015288869702856367
Allen VBN,544837,A7,T5,0.002970176576792549
Allen VBN,544837,A7,U30,0.0038090770999025247
Allen VBN,546507,A1,B5,-0.0027370159531594496
Allen VBN,546507,A1,CLEAN,0.001808821436896979
Allen VBN,546507,A1,Five-Missing Mean,0.001791514022574825
Allen VBN,546507,A1,Five-Missing Worst,-0.0027281237531202596
Allen VBN,546507,A1,J30-5,0.00476500353675724
Allen VBN,546507,A1,SW-U30,-0.00015049397433930523
Allen VBN,546507,A1,T5,0.005393945361266694
Allen VBN,546507,A1,U30,0.0016861311423487235
Allen VBN,546507,A2,B5,0.01267124190269131
Allen VBN,546507,A2,CLEAN,0.018613991295576282
Allen VBN,546507,A2,Five-Missing Mean,0.020334215458534644
Allen VBN,546507,A2,Five-Missing Worst,0.01771189510118698
Allen VBN,546507,A2,J30-5,0.02448023661767984
Allen VBN,546507,A2,SW-U30,0.016967896275458694
Allen VBN,546507,A2,T5,0.025833964215573935
Allen VBN,546507,A2,U30,0.021717738281269328
Allen VBN,546507,A3,B5,0.0
Allen VBN,546507,A3,CLEAN,0.004570213107206289
Allen VBN,546507,A3,Five-Missing Mean,0.014289539761314751
Allen VBN,546507,A3,Five-Missing Worst,0.02173335630612927
Allen VBN,546507,A3,J30-5,0.025890591907614002
Allen VBN,546507,A3,SW-U30,0.0038449163838404354
Allen VBN,546507,A3,T5,0.029855425420516224
Allen VBN,546507,A3,U30,0.01185676509460265
Allen VBN,546507,A4,B5,-0.010327845197714014
Allen VBN,546507,A4,CLEAN,0.0
Allen VBN,546507,A4,Five-Missing Mean,-0.0005038863788842107
Allen VBN,546507,A4,Five-Missing Worst,-0.0058115297548836375
Allen VBN,546507,A4,J30-5,0.0038710287567272905
Allen VBN,546507,A4,SW-U30,0.0007288629737608465
Allen VBN,546507,A4,T5,0.001983432044011968
Allen VBN,546507,A4,U30,0.0012250895287927444
Allen VBN,546507,A5,B5,0.0034541667859862013
Allen VBN,546507,A5,CLEAN,0.0
Allen VBN,546507,A5,Five-Missing Mean,0.0029254905161683054
Allen VBN,546507,A5,Five-Missing Worst,0.0034541667859862013
Allen VBN,546507,A5,J30-5,0.006115768919246589
Allen VBN,546507,A5,SW-U30,0.0007288629737608465
Allen VBN,546507,A5,T5,0.0027741939956198447
Allen VBN,546507,A5,U30,0.001554459906227268
Allen VBN,546507,A7,B5,0.011940065310546366
Allen VBN,546507,A7,CLEAN,0.004106944493625586
Allen VBN,546507,A7,Five-Missing Mean,0.006789889473145183
Allen VBN,546507,A7,Five-Missing Worst,0.011940065310546366
Allen VBN,546507,A7,J30-5,0.007288094436713077
Allen VBN,546507,A7,SW-U30,0.0032508665698783856
Allen VBN,546507,A7,T5,0.006422729868779897
Allen VBN,546507,A7,U30,0.005047691179807412
Allen VBN,563497,A1,B5,0.0013656761899093484
Allen VBN,563497,A1,CLEAN,0.0009544595531856825
Allen VBN,563497,A1,Five-Missing Mean,0.0030111621486244577
Allen VBN,563497,A1,Five-Missing Worst,0.005280307792719818
Allen VBN,563497,A1,J30-5,0.007167539054699079
Allen VBN,563497,A1,SW-U30,0.00016135429885899555
Allen VBN,563497,A1,T5,0.0044905851140024655
Allen VBN,563497,A1,U30,0.001870656085652067
Allen VBN,563497,A2,B5,0.009659865131463385
Allen VBN,563497,A2,CLEAN,0.010738497119710089
Allen VBN,563497,A2,Five-Missing Mean,0.014173506850212902
Allen VBN,563497,A2,Five-Missing Worst,0.018124250518981033
Allen VBN,563497,A2,J30-5,0.018620327902385603
Allen VBN,563497,A2,SW-U30,0.011274836332410276
Allen VBN,563497,A2,T5,0.018306344000371677
Allen VBN,563497,A2,U30,0.013006160884433515
Allen VBN,563497,A3,B5,0.0
Allen VBN,563497,A3,CLEAN,0.0022093063468110463
Allen VBN,563497,A3,Five-Missing Mean,0.006756590081261504
Allen VBN,563497,A3,Five-Missing Worst,0.01391149153223481
Allen VBN,563497,A3,J30-5,0.016587994006191986
Allen VBN,563497,A3,SW-U30,0.003474208038047766
Allen VBN,563497,A3,T5,0.010274426935893144
Allen VBN,563497,A3,U30,0.003446321426174126
Allen VBN,563497,A4,B5,0.0015199614649042958
Allen VBN,563497,A4,CLEAN,0.0
Allen VBN,563497,A4,Five-Missing Mean,0.0029096421132301376
Allen VBN,563497,A4,Five-Missing Worst,0.01142366242275189
Allen VBN,563497,A4,J30-5,0.008970780105534759
Allen VBN,563497,A4,SW-U30,0.0019051712295917178
Allen VBN,563497,A4,T5,0.0009528600654322705
Allen VBN,563497,A4,U30,0.0011994377006877555
Allen VBN,563497,A5,B5,0.00603180489883276
Allen VBN,563497,A5,CLEAN,0.0
Allen VBN,563497,A5,Five-Missing Mean,0.004980008245046241
Allen VBN,563497,A5,Five-Missing Worst,0.01587581418389522
Allen VBN,563497,A5,J30-5,0.014202366129101807
Allen VBN,563497,A5,SW-U30,0.0019051712295917178
Allen VBN,563497,A5,T5,0.0015337259133736403
Allen VBN,563497,A5,U30,0.0012269730543313928
Allen VBN,563497,A7,B5,0.0030067110531410424
Allen VBN,563497,A7,CLEAN,0.003749802304960248
Allen VBN,563497,A7,Five-Missing Mean,0.005412246404061627
Allen VBN,563497,A7,Five-Missing Worst,0.009152192663916703
Allen VBN,563497,A7,J30-5,0.008171870908381229
Allen VBN,563497,A7,SW-U30,0.003754056386570337
Allen VBN,563497,A7,T5,0.007564683845941
Allen VBN,563497,A7,U30,0.004563909826274193
Allen VBN,567286,A1,B5,0.0005110967972539182
Allen VBN,567286,A1,CLEAN,0.001171614527080922
Allen VBN,567286,A1,Five-Missing Mean,0.0014837656802375587
Allen VBN,567286,A1,Five-Missing Worst,0.0005110967972539182
Allen VBN,567286,A1,J30-5,0.0038876065201789434
Allen VBN,567286,A1,SW-U30,0.0
Allen VBN,567286,A1,T5,0.0010895360154381528
Allen VBN,567286,A1,U30,0.0019305890683167792
Allen VBN,567286,A2,B5,0.0007894871512359458
Allen VBN,567286,A2,CLEAN,0.009245132423710722
Allen VBN,567286,A2,Five-Missing Mean,0.00709408090964736
Allen VBN,567286,A2,Five-Missing Worst,0.0030250011276642397
Allen VBN,567286,A2,J30-5,0.009959878450218174
Allen VBN,567286,A2,SW-U30,0.0073655911999072066
Allen VBN,567286,A2,T5,0.009418880454893142
Allen VBN,567286,A2,U30,0.007936567291982999
Allen VBN,567286,A3,B5,0.0
Allen VBN,567286,A3,CLEAN,0.004082882837696644
Allen VBN,567286,A3,Five-Missing Mean,0.006710617501142879
Allen VBN,567286,A3,Five-Missing Worst,0.004020482569898842
Allen VBN,567286,A3,J30-5,0.010955359892452776
Allen VBN,567286,A3,SW-U30,0.00620864454533987
Allen VBN,567286,A3,T5,0.007981703118692063
Allen VBN,567286,A3,U30,0.008407379949229354
Allen VBN,567286,A4,B5,-0.006690760863666156
Allen VBN,567286,A4,CLEAN,0.0
Allen VBN,567286,A4,Five-Missing Mean,0.0026686645565410227
Allen VBN,567286,A4,Five-Missing Worst,0.007834736576418866
Allen VBN,567286,A4,J30-5,0.0147696138989728
Allen VBN,567286,A4,SW-U30,0.0005494505494505475
Allen VBN,567286,A4,T5,0.0012305488997219616
Allen VBN,567286,A4,U30,0.003484470298225961
Allen VBN,567286,A5,B5,0.002773168664237935
Allen VBN,567286,A5,CLEAN,0.0
Allen VBN,567286,A5,Five-Missing Mean,0.008154674629026859
Allen VBN,567286,A5,Five-Missing Worst,0.024640522678318177
Allen VBN,567286,A5,J30-5,0.03157540000087211
Allen VBN,567286,A5,SW-U30,0.0005494505494505475
Allen VBN,567286,A5,T5,0.0017384119639759499
Allen VBN,567286,A5,U30,0.004136941966597973
Allen VBN,567286,A7,B5,0.006068744680436833
Allen VBN,567286,A7,CLEAN,0.002991387040925164
Allen VBN,567286,A7,Five-Missing Mean,0.0038064388799379234
Allen VBN,567286,A7,Five-Missing Worst,0.006068744680436833
Allen VBN,567286,A7,J30-5,0.004329176533756196
Allen VBN,567286,A7,SW-U30,0.0007921337785632421
Allen VBN,567286,A7,T5,0.0043154689002817825
Allen VBN,567286,A7,U30,0.0035266705066514525
Allen VBN,570301,A1,B5,0.01809689761733002
Allen VBN,570301,A1,CLEAN,0.0034792069485222177
Allen VBN,570301,A1,Five-Missing Mean,0.01247237655440514
Allen VBN,570301,A1,Five-Missing Worst,0.01809689761733002
Allen VBN,570301,A1,J30-5,0.026388521059431014
Allen VBN,570301,A1,SW-U30,0.002712004341966723
Allen VBN,570301,A1,T5,0.007272865658082828
Allen VBN,570301,A1,U30,0.00789159409521445
Allen VBN,570301,A2,B5,0.04181568820116888
Allen VBN,570301,A2,CLEAN,0.05360600989024322
Allen VBN,570301,A2,Five-Missing Mean,0.05910581737999543
Allen VBN,570301,A2,Five-Missing Worst,0.07163392538707458
Allen VBN,570301,A2,J30-5,0.08497446413949605
Allen VBN,570301,A2,SW-U30,0.052748436952689715
Allen VBN,570301,A2,T5,0.05739479064712083
Allen VBN,570301,A2,U30,0.05859570695950145
Allen VBN,570301,A3,B5,0.0
Allen VBN,570301,A3,CLEAN,0.008667145382605712
Allen VBN,570301,A3,Five-Missing Mean,0.021370115236707066
Allen VBN,570301,A3,Five-Missing Worst,0.04460577657404163
Allen VBN,570301,A3,J30-5,0.057946315326463105
Allen VBN,570301,A3,SW-U30,0.015482037714943941
Allen VBN,570301,A3,T5,0.01626704595511319
Allen VBN,570301,A3,U30,0.01715517718701487
Allen VBN,570301,A4,B5,-0.015066940977618293
Allen VBN,570301,A4,CLEAN,0.0
Allen VBN,570301,A4,Five-Missing Mean,0.01634541207411011
Allen VBN,570301,A4,Five-Missing Worst,0.07094089362942635
Allen VBN,570301,A4,J30-5,0.08428143238184782
Allen VBN,570301,A4,SW-U30,0.004800787181259536
Allen VBN,570301,A4,T5,0.0018383801303099023
Allen VBN,570301,A4,U30,0.0058734016547512535
Allen VBN,570301,A5,B5,0.04133170224452909
Allen VBN,570301,A5,CLEAN,0.0
Allen VBN,570301,A5,Five-Missing Mean,0.03566603585515726
Allen VBN,570301,A5,Five-Missing Worst,0.10858539648649601
Allen VBN,570301,A5,J30-5,0.12192593523891748
Allen VBN,570301,A5,SW-U30,0.004800787181259536
Allen VBN,570301,A5,T5,0.0030138473326033477
Allen VBN,570301,A5,U30,0.0072579072784761944
Allen VBN,570301,A7,B5,0.017195165075814423
Allen VBN,570301,A7,CLEAN,0.016256546939499406
Allen VBN,570301,A7,Five-Missing Mean,0.019450098720823705
Allen VBN,570301,A7,Five-Missing Worst,0.01809245203054588
Allen VBN,570301,A7,J30-5,0.03143299078296735
Allen VBN,570301,A7,SW-U30,0.011473042585320115
Allen VBN,570301,A7,T5,0.018742349324448404
Allen VBN,570301,A7,U30,0.01840694583556779
CRCNS pvc-11,monkey1,A1,B5,0.09357142857142853
CRCNS pvc-11,monkey1,A1,CLEAN,0.09999999999999987
CRCNS pvc-11,monkey1,A1,Five-Missing Mean,0.0941428571428572
CRCNS pvc-11,monkey1,A1,Five-Missing Worst,0.08142857142857152
CRCNS pvc-11,monkey1,A1,J30-5,0.06714285714285717
CRCNS pvc-11,monkey1,A1,SW-U30,0.11785714285714288
CRCNS pvc-11,monkey1,A1,T5,0.0864285714285713
CRCNS pvc-11,monkey1,A1,U30,0.10571428571428565
CRCNS pvc-11,monkey1,A2,B5,0.014285714285714235
CRCNS pvc-11,monkey1,A2,CLEAN,0.05714285714285705
CRCNS pvc-11,monkey1,A2,Five-Missing Mean,0.039857142857142924
CRCNS pvc-11,monkey1,A2,Five-Missing Worst,0.04500000000000015
CRCNS pvc-11,monkey1,A2,J30-5,0.04500000000000015
CRCNS pvc-11,monkey1,A2,SW-U30,0.046428571428571375
CRCNS pvc-11,monkey1,A2,T5,0.040714285714285814
CRCNS pvc-11,monkey1,A2,U30,0.052857142857142825
CRCNS pvc-11,monkey1,A3,B5,0.0
CRCNS pvc-11,monkey1,A3,CLEAN,0.021428571428571463
CRCNS pvc-11,monkey1,A3,Five-Missing Mean,0.035571428571428476
CRCNS pvc-11,monkey1,A3,Five-Missing Worst,0.059285714285714386
CRCNS pvc-11,monkey1,A3,J30-5,0.059285714285714386
CRCNS pvc-11,monkey1,A3,SW-U30,0.03928571428571426
CRCNS pvc-11,monkey1,A3,T5,0.03142857142857125
CRCNS pvc-11,monkey1,A3,U30,0.04785714285714293
CRCNS pvc-11,monkey1,A4,B5,-0.012142857142857122
CRCNS pvc-11,monkey1,A4,CLEAN,0.0
CRCNS pvc-11,monkey1,A4,Five-Missing Mean,0.04571428571428571
CRCNS pvc-11,monkey1,A4,Five-Missing Worst,0.135
CRCNS pvc-11,monkey1,A4,J30-5,0.135
CRCNS pvc-11,monkey1,A4,SW-U30,0.025000000000000022
CRCNS pvc-11,monkey1,A4,T5,0.01928571428571424
CRCNS pvc-11,monkey1,A4,U30,0.06142857142857139
CRCNS pvc-11,monkey1,A5,B5,0.02214285714285702
CRCNS pvc-11,monkey1,A5,CLEAN,0.0
CRCNS pvc-11,monkey1,A5,Five-Missing Mean,0.07385714285714284
CRCNS pvc-11,monkey1,A5,Five-Missing Worst,0.20000000000000007
CRCNS pvc-11,monkey1,A5,J30-5,0.20000000000000007
CRCNS pvc-11,monkey1,A5,SW-U30,0.042857142857142816
CRCNS pvc-11,monkey1,A5,T5,0.024285714285714133
CRCNS pvc-11,monkey1,A5,U30,0.08000000000000007
CRCNS pvc-11,monkey1,A7,B5,0.011785714285714288
CRCNS pvc-11,monkey1,A7,CLEAN,0.016071428571428625
CRCNS pvc-11,monkey1,A7,Five-Missing Mean,0.017999999999999905
CRCNS pvc-11,monkey1,A7,Five-Missing Worst,0.01642857142857146
CRCNS pvc-11,monkey1,A7,J30-5,0.01642857142857146
CRCNS pvc-11,monkey1,A7,SW-U30,0.019642857142857184
CRCNS pvc-11,monkey1,A7,T5,0.018928571428571406
CRCNS pvc-11,monkey1,A7,U30,0.023214285714285743
CRCNS pvc-11,monkey2,A1,B5,0.05785714285714294
CRCNS pvc-11,monkey2,A1,CLEAN,0.05357142857142849
CRCNS pvc-11,monkey2,A1,Five-Missing Mean,0.054571428571428715
CRCNS pvc-11,monkey2,A1,Five-Missing Worst,0.05785714285714294
CRCNS pvc-11,monkey2,A1,J30-5,0.05857142857142861
CRCNS pvc-11,monkey2,A1,SW-U30,0.042857142857142816
CRCNS pvc-11,monkey2,A1,T5,0.05642857142857127
CRCNS pvc-11,monkey2,A1,U30,0.05714285714285727
CRCNS pvc-11,monkey2,A2,B5,-0.018571428571428683
CRCNS pvc-11,monkey2,A2,CLEAN,-0.0035714285714286698
CRCNS pvc-11,monkey2,A2,Five-Missing Mean,-0.008857142857142897
CRCNS pvc-11,monkey2,A2,Five-Missing Worst,-0.01642857142857146
CRCNS pvc-11,monkey2,A2,J30-5,-0.01000000000000012
CRCNS pvc-11,monkey2,A2,SW-U30,-0.0035714285714286698
CRCNS pvc-11,monkey2,A2,T5,-0.004285714285714337
CRCNS pvc-11,monkey2,A2,U30,-0.007857142857142785
CRCNS pvc-11,monkey2,A3,B5,0.0
CRCNS pvc-11,monkey2,A3,CLEAN,0.0035714285714284477
CRCNS pvc-11,monkey2,A3,Five-Missing Mean,0.012285714285714344
CRCNS pvc-11,monkey2,A3,Five-Missing Worst,0.019999999999999907
CRCNS pvc-11,monkey2,A3,J30-5,0.026428571428571246
CRCNS pvc-11,monkey2,A3,SW-U30,0.0035714285714284477
CRCNS pvc-11,monkey2,A3,T5,0.014999999999999791
CRCNS pvc-11,monkey2,A3,U30,0.01642857142857168
CRCNS pvc-11,monkey2,A4,B5,-0.008571428571428563
CRCNS pvc-11,monkey2,A4,CLEAN,0.0
CRCNS pvc-11,monkey2,A4,Five-Missing Mean,0.029571428571428693
CRCNS pvc-11,monkey2,A4,Five-Missing Worst,0.0664285714285715
CRCNS pvc-11,monkey2,A4,J30-5,0.07285714285714284
CRCNS pvc-11,monkey2,A4,SW-U30,0.0071428571428568954
CRCNS pvc-11,monkey2,A4,T5,0.011428571428571344
CRCNS pvc-11,monkey2,A4,U30,0.06500000000000017
CRCNS pvc-11,monkey2,A5,B5,0.020714285714285685
CRCNS pvc-11,monkey2,A5,CLEAN,0.0
CRCNS pvc-11,monkey2,A5,Five-Missing Mean,0.05014285714285727
CRCNS pvc-11,monkey2,A5,Five-Missing Worst,0.11499999999999999
CRCNS pvc-11,monkey2,A5,J30-5,0.12142857142857133
CRCNS pvc-11,monkey2,A5,SW-U30,0.0035714285714284477
CRCNS pvc-11,monkey2,A5,T5,0.011428571428571344
CRCNS pvc-11,monkey2,A5,U30,0.09357142857142864
CRCNS pvc-11,monkey2,A7,B5,0.005357142857142838
CRCNS pvc-11,monkey2,A7,CLEAN,0.0035714285714284477
CRCNS pvc-11,monkey2,A7,Five-Missing Mean,0.004928571428571504
CRCNS pvc-11,monkey2,A7,Five-Missing Worst,0.005357142857142838
CRCNS pvc-11,monkey2,A7,J30-5,0.004285714285714226
CRCNS pvc-11,monkey2,A7,SW-U30,0.005357142857142727
CRCNS pvc-11,monkey2,A7,T5,0.004285714285714226
CRCNS pvc-11,monkey2,A7,U30,0.00535714285714306
CRCNS pvc-11,monkey3,A1,B5,0.03214285714285703
CRCNS pvc-11,monkey3,A1,CLEAN,0.0035714285714284477
CRCNS pvc-11,monkey3,A1,Five-Missing Mean,0.019857142857143018
CRCNS pvc-11,monkey3,A1,Five-Missing Worst,0.022857142857142687
CRCNS pvc-11,monkey3,A1,J30-5,0.01285714285714279
CRCNS pvc-11,monkey3,A1,SW-U30,0.03214285714285714
CRCNS pvc-11,monkey3,A1,T5,0.010714285714285787
CRCNS pvc-11,monkey3,A1,U30,0.011428571428571344
CRCNS pvc-11,monkey3,A2,B5,0.008571428571428674
CRCNS pvc-11,monkey3,A2,CLEAN,0.010714285714285565
CRCNS pvc-11,monkey3,A2,Five-Missing Mean,0.011142857142857121
CRCNS pvc-11,monkey3,A2,Five-Missing Worst,0.008571428571428452
CRCNS pvc-11,monkey3,A2,J30-5,0.008571428571428452
CRCNS pvc-11,monkey3,A2,SW-U30,0.0071428571428571175
CRCNS pvc-11,monkey3,A2,T5,0.01285714285714279
CRCNS pvc-11,monkey3,A2,U30,0.018571428571428683
CRCNS pvc-11,monkey3,A3,B5,0.0
CRCNS pvc-11,monkey3,A3,CLEAN,0.0
CRCNS pvc-11,monkey3,A3,Five-Missing Mean,0.006000000000000227
CRCNS pvc-11,monkey3,A3,Five-Missing Worst,0.01285714285714279
CRCNS pvc-11,monkey3,A3,J30-5,0.01285714285714279
CRCNS pvc-11,monkey3,A3,SW-U30,0.0035714285714286698
CRCNS pvc-11,monkey3,A3,T5,0.0050000000000001155
CRCNS pvc-11,monkey3,A3,U30,0.008571428571428563
CRCNS pvc-11,monkey3,A4,B5,-0.004999999999999893
CRCNS pvc-11,monkey3,A4,CLEAN,0.0
CRCNS pvc-11,monkey3,A4,Five-Missing Mean,0.039142857142857146
CRCNS pvc-11,monkey3,A4,Five-Missing Worst,0.09500000000000008
CRCNS pvc-11,monkey3,A4,J30-5,0.05428571428571427
CRCNS pvc-11,monkey3,A4,SW-U30,0.11428571428571443
CRCNS pvc-11,monkey3,A4,T5,0.0028571428571428914
CRCNS pvc-11,monkey3,A4,U30,0.02928571428571425
CRCNS pvc-11,monkey3,A5,B5,0.0028571428571427804
CRCNS pvc-11,monkey3,A5,CLEAN,0.0
CRCNS pvc-11,monkey3,A5,Five-Missing Mean,0.06642857142857139
CRCNS pvc-11,monkey3,A5,Five-Missing Worst,0.16642857142857137
CRCNS pvc-11,monkey3,A5,J30-5,0.0814285714285714
CRCNS pvc-11,monkey3,A5,SW-U30,0.18571428571428572
CRCNS pvc-11,monkey3,A5,T5,0.0028571428571430024
CRCNS pvc-11,monkey3,A5,U30,0.059285714285714275
CRCNS pvc-11,monkey3,A7,B5,0.003928571428571503
CRCNS pvc-11,monkey3,A7,CLEAN,0.0017857142857141683
CRCNS pvc-11,monkey3,A7,Five-Missing Mean,0.0033571428571428363
CRCNS pvc-11,monkey3,A7,Five-Missing Worst,0.0024999999999999467
CRCNS pvc-11,monkey3,A7,J30-5,0.0024999999999999467
CRCNS pvc-11,monkey3,A7,SW-U30,0.0035714285714286698
CRCNS pvc-11,monkey3,A7,T5,0.004285714285714337
CRCNS pvc-11,monkey3,A7,U30,0.0025000000000000577
